county_id,2006,2007,2008,2009,2010,2011,2012
10001,16.1892339412126,17.079501518601397,16.1749725596921,13.808112712553001,10.6570607619462,15.3228631515198,31.790984949982203
10003,23.9334641282471,23.4459417690679,22.5390266217885,21.6632517068455,22.0851449502799,23.6034401282232,40.049791637651005
10005,7.438537319133561,10.0170103227292,12.959184929203,15.703099511986998,13.810431483077998,14.4049736086173,23.9435771341936
11001,29.8026260473011,29.8853743602714,29.613134505584,29.0915578167396,27.185634062060604,27.3330761804741,29.937098381810202
12001,24.266248226999302,24.619155609501803,24.2270306377251,19.1702301861782,22.1260322270633,24.334746993143,51.11946878197771
12003,,27.122957974915696,,,,,
12005,-39.368861417476296,-22.4924761974423,-0.265128150663974,-3.5290828845046205,13.5981022426966,57.89724896559599,-86.1099978754873
12009,11.385915044800301,10.4026982109259,8.96048266622063,8.00508695938756,7.91402015387416,10.7016915103709,28.630599703540994
12011,5.31754318390587,5.3415984254353805,6.93364589291527,5.98988866211951,5.76521662264839,7.63094065667071,6.17438126751577
12015,,10.763828867939598,,,0.438765976627431,-2.74052509848585,
12017,17.1234837575784,18.081125813913097,17.851352220221198,17.001971245516,16.7239485317243,18.5588579079571,24.400259534991502
12019,24.390611151677803,25.487238750328302,27.216699051626396,25.869139378439105,24.839173594686,26.072607968461302,41.684657051935794
12021,10.2584472039571,13.570499875978001,12.432817167826599,12.662618130915599,6.1392875256354795,3.83703381267895,3.2332355195099702
12023,27.021612894255398,,30.985872087265697,30.8148549788256,27.5718753910417,,42.7280008332279
12031,24.9543981148488,26.419272196822895,26.123751070614198,27.7717293596352,25.7524967576319,18.7528257157701,31.959525705029503
12033,-10.712143558332802,5.3583497765524495,12.376762518748901,21.0437965083061,31.070168183234497,7.762828723078739,0.0924314111411917
12035,,20.4279301615435,,,17.847019034561605,19.8419229152775,30.234891676568104
12053,17.8610077533057,18.059544719567704,17.927695765882298,16.9955130147601,15.6599180243546,17.675526127159806,20.365280567465902
12055,12.159656378954402,,,10.477672664515199,6.09771950336214,3.3793650668582997,-0.634423597778166
12057,13.406257616563,12.7784314001816,12.512117045429,11.960890463368901,10.799745692602002,8.94494309954766,8.41619050637072
12061,10.375592332725699,8.63275136483016,9.777053365517098,8.97957837037324,6.4681770747656895,6.62527523654658,4.3283229810407695
12069,18.5247530090154,19.755684259219898,22.3770629327859,21.477413660133898,18.9709873671412,18.9843165812139,17.086249362242096
12071,13.131686175184301,15.055294618265801,13.8733464448032,12.3253865416591,2.1327731753168497,-2.3499540152444798,-4.81006899140179
12073,12.031630648481,23.764584712571903,28.783634598452302,32.1865613285046,31.573498570375296,29.734164144112608,32.8342697308224
12075,,,,,21.5326010538548,,20.109371629860103
12081,13.276149461866302,14.1657429240674,14.431732060906599,12.610311194520198,7.12848917305288,4.73547107192066,3.72990843669627
12083,21.6611598492496,25.265968378103505,25.321092157025603,24.4500766261445,21.7835786162107,20.8061084593365,22.2137609634589
12085,13.2051758740207,10.1649153449344,10.177271411376,9.151401213864881,4.78745071294675,4.8248264875663,2.68080782895801
12086,2.71174652958166,4.3761500928574995,11.538250127250999,7.68129140365055,3.01526547870345,5.26557077722982,4.31205345652508
12087,5.58234459188283,6.86628054502449,14.600102277732299,,4.778170663194099,4.02765151065445,4.06257590268142
12089,21.176372634728196,23.7366013968234,23.964246743127106,22.7402177455982,20.618754016856197,18.262167393064,27.354932558897797
12091,-20.040668973715697,-3.86668910661263,-4.20677849390406,-16.2561514733888,-17.6879904015993,-6.835472944361951,-41.81421975486621
12093,,12.4106583359628,12.322202094749802,10.879209213262401,,2.86449197973158,2.24389825359911
12095,13.942882771234,15.078810217293901,16.370339447551004,16.543026760153303,15.5537074907009,16.4980768191829,18.149058502558802
12097,11.190100031517302,13.4322335981471,15.9802669483461,12.5447304001293,11.3491869823306,10.689705334289501,12.5946159881317
12099,12.5590883276565,7.138540464480609,11.3960939809348,8.43558186472015,3.9807296759842403,4.36277517486707,6.03514115258397
12101,17.650307834490302,20.892216283609603,21.4425164166588,18.81477975443,14.955210333682098,14.4385135277893,15.0193985905552
12103,14.897394027654299,21.342526837364602,17.8579188696173,15.846311902823802,11.27673452863,10.291574454293901,10.8245334864635
12105,14.680815978262899,18.6739107480787,19.8432734948401,15.872075680595401,11.3894885735422,11.4034448753585,12.0059109011905
12107,,,,23.8564480543261,23.328760414115397,21.729960810870395,
12109,23.9825355744137,31.8532095749967,37.675537513310104,29.534384696835197,26.3826040785127,20.045456551625897,23.1300337020394
12111,17.663371543466198,17.871747771139106,18.689173869506305,15.219392825831,7.769239169064971,7.911599757901169,9.02466927473141
12113,-27.350754168757398,2.9067148897866604,4.97157389735516,-26.059717384024,-11.6037737202394,-10.0166519399659,-19.9251290445913
12115,8.51263451477923,14.456248035931301,12.325870700218001,12.124929557877199,5.688599762652831,3.54150219129049,4.733602585358701
12117,24.965188293330602,29.956128388771504,29.863431762689597,18.398414316820602,15.785124154992403,15.946839108706302,16.0074187983868
12127,24.7418656293762,34.7532521282668,33.588100586980794,26.6758310371677,20.306110229578,18.8029434641827,18.9937823893308
12131,-52.02970913691679,-85.046029218476,-65.7830581788117,-79.2834407962269,,,-23.902072639371898
13013,13.0438873545896,,9.27563637256357,6.962921961990401,5.62593758956043,,-2.14467546222212
13015,16.0667882708364,,14.2119070764826,13.467977947492802,12.6917716806775,4.9488313283796295,10.292307235436802
13021,,4.5416352685861705,1.26047964401375,-3.0603419678601402,-10.087311772155301,-5.992583669285299,-32.937233584834196
13039,,,,,,19.7024421572957,
13045,18.105547871053,17.3032115804602,15.304060161979901,13.7697409919143,11.7966895352541,2.7785473098775397,4.89968525678837
13047,10.539770627553201,,9.10250433075465,,8.77330829001196,6.027824848766429,10.753167949999801
13051,4.13229815893796,3.5401211404988,3.7519313971448898,3.63923750624116,1.8259775749931402,2.31099791882288,-0.383119980669921
13057,14.7204568358004,14.498779284270801,14.319282056501597,14.671509310703302,14.920409139836998,11.2471549258516,9.50308902327496
13059,,,,,,9.273602090678889,1.62537073087009
13063,17.896699313520998,18.140079433110003,16.6625930221377,16.1358130253139,15.694232140615899,10.051537512471901,2.45947220405669
13067,17.2890313169148,17.4620577423747,17.1782537482231,18.199426855951202,19.1104645575195,15.728314928201598,13.325315531833901
13073,18.603135941345002,,,,2.9606889026470005,2.50940208793613,-5.3138398763896495
13077,,17.0682122965414,16.3676162695823,17.4289010401478,,11.0633921753217,5.54202295709239
13089,16.5356004906022,17.2852522925755,19.3563058893835,20.8869717043715,19.7725663571034,19.1808416278632,10.607648022057099
13095,,,6.6633063732533,,,,-12.8977097445629
13097,18.995312516353195,,22.009069909874103,,24.5305378016,21.182748843331893,16.887539971891798
13111,,,,,8.63369482282991,,
13113,,,,24.222537926451395,,17.0304142570806,
13115,20.9588352944642,21.407530401960102,21.0704800283339,,21.759332896144603,14.8245768612384,15.4867523458324
13117,,17.516212836447398,19.4007884067786,20.451005896400197,19.594024156414,17.989246945357895,15.084728317991903
13121,22.713693405439304,23.8654093235805,24.433107755096398,26.1068061247784,22.1825458582327,20.4134519558095,13.8014537141883
13127,18.374789947054,21.363330725580106,30.6905240883045,23.9161699945524,,,21.1458201275267
13129,,,,16.3269328324116,,12.2637768785815,
13135,20.939988019766897,20.8831826473582,21.5519216326087,21.2396705299525,19.7867870058682,17.2907069221405,12.695177156111601
13137,,,,,10.697771680853,,
13139,14.648601627094799,15.6972637775879,16.316805679029503,17.184790133994902,16.7126482940483,14.5276814278526,13.533986264494501
13143,,28.199285499203103,,26.283757187866602,23.8677900437474,,
13151,26.074926546300503,24.4040016440425,24.1306262099686,26.057421362677303,19.422822737664102,16.7366751598983,10.0214232133455
13153,,,-0.28172506829689,-5.20060384152492,-5.3921509670901795,,
13157,,,17.233622711624303,18.910417264598102,19.160586693468698,17.7224449830696,14.775816671196601
13213,,10.054280366791,10.419045716271,,10.6098791138856,9.21852573924034,12.926503330865199
13215,,,14.7653180629151,9.72061174833234,12.5383201814563,8.73289480249193,10.651483669000699
13217,,28.330899025665502,,22.7665748007648,,16.723154664492498,
13223,26.3762060719127,25.957201086021698,25.833612854287903,24.016558541945003,22.816390520937198,19.885120592394102,16.3251204805055
13233,,,,,22.6660675872739,,
13245,12.935566850291899,12.205182685172199,8.85886789830774,3.6041098670690697,3.83371877913588,6.55231408511745,4.19154179062824
13247,25.4831554160752,25.027399401030497,,,,16.2421539429573,10.694247204392
13255,,,13.740132552035304,15.2249911494195,,,8.34809546446955
13285,,,,,,16.237194432165303,
13295,,10.611330287467698,9.51207356064637,10.3414567503669,12.3343335050194,14.175388765374697,15.162708829661801
13297,,,,,15.9086298267267,,10.5797289230733
13299,,,57.900868262009794,37.63093706852221,,,
13313,7.72286831418344,8.23977532143949,8.83675163675642,9.76926724526399,12.9263981729623,12.972173420581,15.491068729850099
16001,41.610469850638204,29.693960878236997,24.0942205911383,-0.23140541600550302,7.70064537254558,14.273499712516102,-7.980462285576411
16005,,,41.0505071705661,29.051843849015995,54.9788422352385,61.6882183159156,66.1134989609449
16019,,51.844594367948105,153.857698268691,137.09497744933603,-3.80378624701585,12.953779700789001,50.707506594514605
16027,,,39.9094271319775,14.633552966916,33.942581114007595,31.600829458513697,20.5919862526127
16055,45.016377838245006,,73.5626672144228,6.43587517602935,-24.6847846443419,-50.2526310415476,153.553058759303
16083,,,,54.13486978837,53.49263055186121,51.3872995034799,
17019,33.2199816463812,29.0320781806295,23.609793052043102,24.803932730896896,25.042712249709396,26.9045263678272,21.943041221852802
17031,30.7432569105365,28.007657700167798,21.880876115331503,18.2149150831645,12.510223538947802,14.7032754588551,5.57226162376239
17037,,,,,,6.483446469068001,5.57759485579314
17043,27.4586733125662,21.626543935749805,12.843477058677,10.5310093678523,4.4706605014988,4.11357027560015,2.00066880312209
17055,,,,2.92837688812714,2.47716295522502,,
17063,,,9.988050614478201,,,,9.80269405287992
17089,22.4997682852606,18.772542266469998,9.90475669888778,13.147133665191,12.6994933742714,13.027753525472196,25.575163771166498
17091,25.421096216654504,22.654440459443702,16.2650680780364,12.2223296212518,11.3312106566565,14.931747476993602,
17093,,,12.253623023099399,,,16.3118396262219,31.0659905362474
17097,33.134023558866105,30.700620784364197,27.590684950282103,24.975484193235996,25.590524370845298,23.886893497207396,30.120983583463897
17099,29.4669659544022,26.1289470252069,17.761835990679604,18.337456076351003,19.200898340050102,20.439996133359,40.194175031433296
17105,,,16.6051581661516,,,,22.1242941460791
17111,21.5107647288072,19.552651426659605,18.1341375530756,16.8311609577065,19.963596433095198,22.415582522253302,26.383704219752204
17113,,41.83144519366599,26.7435148476999,18.861326685060302,15.7671866911195,21.1437538849575,32.6740503387505
17115,,42.464652796009496,39.6976955926515,,,,42.3294143277904
17119,8.803622804244402,9.09317227977162,7.62628336855007,6.38796108808327,6.6304938713674195,11.095305003086999,12.010701936556698
17121,,,,11.6915053780271,8.669673994254321,,
17143,54.1888773115128,42.415499020607,22.236497730915602,29.896676834373803,22.189508914489,40.029119621109,59.9677129956308
17161,,65.6846221963302,57.16198112918289,78.505271509821,70.3380219364024,92.78109419943209,79.759449754126
17163,9.05431330475106,10.6440303734383,11.5550165982752,8.620671091150239,8.57983557426455,13.4117561890731,14.894285240431199
17167,24.061269317750604,30.362246326695896,32.37319607330561,30.1938930262034,33.5401440034908,35.3623171441191,49.1512916334321
17177,,,,,36.7627610565459,,
17179,54.932963856318295,53.15220071703871,42.9689415819105,47.313890127191605,29.5859445100488,32.902319578976794,54.892129007661794
17183,35.2538026715454,38.3447242623971,33.6498475716075,30.808384233718396,29.3856060788045,,33.509030902001804
17195,,,44.9009841158543,,,,
17197,31.652165169590198,26.959539226367802,18.688369693373396,13.468555237986802,11.075343063616899,14.436172887929299,22.922181277506102
17199,,17.865361863772,16.0603841138356,,8.90850270417312,9.691424110433609,11.166932245232001
17201,25.9349121187862,25.2907873184714,19.0864297114216,17.478156297454504,21.553551312040803,22.750670825975696,37.214660518625394
18003,26.0496823913561,28.442003449215402,27.9946524353317,28.8949563466803,28.303313303118998,29.939529022695805,28.622468372894105
18005,19.8399288201297,18.8183630527687,20.3683499024957,,20.4317146291774,,
18011,,,,,,,29.8391414351731
18019,16.947270939697198,17.3859960927263,16.152990798891697,18.2850423377244,18.4620935132468,19.5243792704005,17.6394734530762
18029,,,,22.3765724870771,19.321061026414302,19.3248135984731,17.954296260543103
18035,20.8432611580059,23.128038794233603,25.130777733231103,32.5207687402348,27.189387468412196,27.6922331316515,27.5301827072873
18039,,31.230754343154498,30.689237386080205,29.4341725959319,27.1140983425187,24.7559643382115,43.9404850374776
18043,26.1954859093891,,18.760678402804,,18.568559144287498,20.1041684804923,12.2547603140922
18053,,27.172291292707403,,33.23955016503161,29.899377888272305,29.7531187794159,29.445283084859604
18055,,,,,21.5113613807295,,
18057,21.298309129141398,23.0244661695827,27.7689488160987,33.0307061777783,30.021850410149497,28.827854862599,26.027794673347305
18059,,,26.2719594731288,,28.688424114559695,,
18063,23.143926464864197,25.804431552996398,28.435523072231,32.3125071516075,30.064221489924797,26.3635550324341,27.1381567012764
18065,23.2615794338785,23.328735841523898,26.7164530180904,32.7720542393783,30.417025140611,28.380458120670195,
18067,31.7251278474339,30.1392098250721,30.666419922507504,36.569369482066996,34.3472363536753,29.4443439478208,28.2466471433745
18071,,,,,22.660202014402604,,15.8936893799211
18079,,,,26.8007845657115,,,
18081,27.1592952672039,28.1089051965005,29.011693549871897,29.590305609148498,25.932936619407602,23.633483899650702,21.130868863049802
18085,,37.072498252249204,,32.955860337216805,,,30.4387904681341
18089,36.40350168969289,31.6832942026932,28.934575090936104,20.6481665077527,15.712777364677402,15.2888774767462,8.40173944633351
18091,39.8222076793253,41.051785443654204,,34.5955522892684,29.1645846329331,26.485145892289502,26.0587710603644
18093,,,26.4418835118839,27.0244588850518,,,
18095,28.003574537440993,29.4101794429834,32.1766716705067,33.999325380694,30.3241518216898,26.6444233349689,24.477942768355398
18097,28.045182185039803,26.3652988238261,30.879285306602,31.923076230354,28.3214678817375,24.8124681593848,24.143608277103397
18099,,,,,,29.156748249575898,
18105,23.6323630060042,25.5405356623778,26.466292944268105,27.411438456061806,23.5229651209958,21.4828790604754,18.6472380750207
18107,27.2522607555994,,,,,32.1104949358216,29.028156777616303
18109,,,26.3449908082251,27.423557612834397,24.6492117813293,21.878469168876098,21.6076488320604
18127,40.587933203778405,42.49019709128049,38.9066601288651,35.61489420243821,27.3463318009752,25.432380494227598,22.0217335064828
18141,35.6875167535261,37.764791104974705,38.037837875868604,36.634126148927294,31.525590291932104,30.323336187212607,37.3614009128862
18143,,,,,,20.552180508022897,18.7730639777605
18145,,29.224033608135,,,,,
18149,,51.668861027394506,,39.7344334398617,,35.7560222812275,
18153,,,20.2690427380767,,,,
18157,37.34471763523711,39.9491588361703,32.3984269082715,31.9636744846122,30.162359918017202,28.3278435975979,28.220104230700105
18163,9.904219519609251,14.6222417282061,14.063121890786402,17.1720692598627,9.25847438666099,13.0517982851969,19.9270269073105
18167,18.6449073133201,24.746443643074397,22.3474569696073,25.296118871340195,23.4552951151535,24.5633206216479,
18169,34.5203180636622,,26.976642339902902,,26.773032369677697,,
18173,,,10.679149789239,,,,
18175,,,,,,,16.5480485303785
18177,26.674602516580997,,31.4043769197638,34.6950460349799,30.243226832030896,25.9363148157491,
19013,,,,,39.993209543339,,
19103,,,,,,,60.915430558857494
19113,67.0027476795322,80.9015257998284,87.06414423547079,89.49964806056371,90.2261994956685,92.88559343203791,75.6059234336516
19153,54.8251475147017,44.272703330178906,46.2085403385537,46.4169480471212,43.189271449291205,39.491082304750805,39.4403959447693
19155,,17.154212248567998,,,,16.708993575114903,18.2318323466718
19163,68.88854515574351,89.69890113655748,78.9071044565018,83.44145540148051,84.75313881743179,91.06377947280421,83.600729412717
19187,,,,,39.6143168178304,,
19193,,-31.005063335259997,,,,10.5439756471554,31.9221010211481
20015,,13.994311577721499,,,20.138934395793104,,-1.23044925530952
20037,,5.52087859903233,,,,,
20045,,2.8991702415759097,,,5.58400002917326,5.18210395671964,-1.65078226202353
20091,3.8631928236106297,2.1626484864740005,2.00418099430567,5.26354897677925,6.97573984201914,8.789725073314541,1.06973489423027
20103,,,2.31403919586049,,,2.96428868048951,3.05864014762381
20161,,,,,,,5.2258549352129995
20173,4.87278400641369,26.265307674933,20.961727044292996,4.5512198636219,16.0255033537887,12.341546467632499,22.288202397990396
20177,25.796771825446395,8.07362848545548,3.28062588070033,2.19516360577812,2.54871802198992,4.400805002646909,4.93117833176039
20209,9.48450782280776,-5.99862242818863,1.77434911274241,2.2494659143152003,2.63464321952573,3.77151782916623,4.15494757904403
21011,,,4.64144135407155,,,,
21013,6.368037822471311,6.12469480756066,5.82297398839857,6.07147529013172,6.11533171197975,5.75150924550785,7.7230660728126095
21015,24.4021988598201,24.349070351009303,19.842272541041105,21.2448259239844,17.8030794214053,18.625957444053302,18.397694057006696
21019,9.77372242029386,9.18357983296284,9.26607296651658,10.4300927457134,10.626894142689999,10.0779379401881,6.66828257410175
21025,,,4.8537007144320095,,4.68790547115306,,
21029,,,,,11.107297554922301,15.4938616020576,16.081039147156698
21037,18.793202628731798,21.0378164106485,16.0937720277043,16.713239167227403,13.871086111061102,15.5289283747496,15.196924294051001
21043,,9.48566364727673,7.91461878934024,,8.084197812708,,
21049,8.98956733022422,,3.6119812675784497,3.00032404869532,2.2912905401532497,2.60851530352452,1.7091569746512598
21053,,,,,,,10.402014351986901
21059,11.825840153789,14.6338067027035,10.0640642101855,,9.449756772368149,15.295821024888001,16.8051471841856
21065,,,,,,,0.40899278082303103
21067,10.140005740102499,8.09357670779324,3.8564433877322597,2.96201117340983,2.33141911580843,3.31726201255559,4.36359481730902
21071,7.662810497868901,8.2628379485843,7.45039281884768,6.982699622065761,8.68570048305272,5.910106781910851,4.54997846444427
21081,,,,,,,13.1000874282802
21085,,,,,,13.8138374569547,
21089,,,8.73639787253646,,10.4520485219763,,
21093,,12.9298169757946,,7.125708406386839,7.45090009417591,13.724351356724101,15.4889490469794
21095,,,,6.13881625447232,6.83692908412348,7.453987334044649,7.15343222657895
21101,5.62202588718927,,7.283737994401431,,,,
21107,,,6.784546551916231,,,11.5929395444397,
21111,21.043642992416604,20.9250430505269,10.752063928872502,7.926221440883601,7.45716489141697,15.873136009762801,17.0819169940557
21113,,,1.28632411645185,-0.041106639304300294,,,
21115,,7.13770029558656,,6.412345040016321,7.48343708664117,8.58937104376168,
21117,18.201180409318997,16.9528849275584,7.59636823275478,7.91383250548593,9.78480902576643,12.51223359626,15.379471330362
21119,6.780464135517129,,,,6.23085353940162,,4.5708751676341395
21121,6.96951571943005,,4.79118011839401,4.57935964725998,5.14769338704456,4.75168039158443,5.60752582758661
21125,5.9501633835058705,5.1021186623003905,3.3929461211592993,,4.09286097249258,6.756790645477979,8.98374387855776
21133,,,,,8.09114421766504,9.03511228717481,7.07955661393236
21145,21.1370856119498,,,,9.099377172772979,8.74210288884152,16.6052651973661
21151,5.39196031112133,,1.06356456945647,1.7891094133093002,3.87976127494927,6.7772544858695705,8.83069327385503
21173,,,-0.278615970707399,,,,
21195,9.3910915202833,8.73851081851519,8.9149722301456,9.44961274327896,9.71227806784213,9.68609878830509,6.65248564923907
21197,,,,,3.93454901841687,,
21199,6.9072192443592195,,,5.622018464712171,,7.23010641466243,10.2955703414769
21203,,,,5.27176097685585,,,
21209,,,,,,,11.4450093138545
21217,,,,,,,17.177055875150902
21227,,,10.8065296701179,,9.95252191756178,11.5675543629788,18.577291737856598
21235,9.09863661154753,,7.23843749021771,6.88783508859367,7.698466929528999,8.225672432820701,6.106661671763599
22001,-4.36648909498404,-5.75252187767134,,-11.9614768192084,-10.7163705593612,-10.955934658250802,
22005,,6.0042140141953295,4.2689106984695995,3.40013653328324,,9.259286512489199,2.19099084409144
22011,,-6.73925278243898,-12.8329075505338,,,,
22015,-31.839630935505898,-29.1609211737564,-8.606962846997709,-7.63559922499057,-6.1258309382787095,,
22017,-24.11341452344,-25.145269496765398,-20.814677633483303,-22.044046064312,-21.8847266153818,-25.777840284234298,-65.0748630096735
22019,8.58301762528875,-9.53522597504195,-16.464256197977804,-20.333901652995102,-22.239918696271697,-30.7694374557587,-42.1842254149088
22033,-0.24960069235797602,1.16852225384756,-2.59315056211697,-3.3457929587267,-4.34198500065852,-0.507318655113576,-8.4966173423171
22045,,,,,,-3.0085487949759,
22051,22.4398563380713,29.308431120512395,26.799209982704603,21.167046532314398,17.703283040541397,22.0571758765992,26.9278962236502
22053,,-16.877053755208102,-29.595690119806,,-23.585087471451303,,
22055,-4.75690162664572,-8.65925374427347,-23.1544126724126,-23.7846057370107,-21.089349544664202,-11.964759451479699,-8.51039862180318
22057,,23.752801237590198,27.0790056054,,15.731108695431,17.210015295961405,19.428058913388302
22063,3.1950458277580003,7.51784028831723,8.83802074418969,5.74935124155447,5.06044112362134,6.642519641048359,10.8605995207898
22071,6.79916410808086,15.686123827825499,16.8912488534761,16.9950769701313,15.771328666589401,16.3906833326743,18.057092134905105
22073,-21.040085413195005,-21.2677286183809,-21.5329167804155,-16.6305594691707,-14.368035917524802,-20.269453036373605,-21.6523704647999
22079,,,,-17.224945033385904,-16.3271787570432,-11.183333214146302,-10.2876823797498
22087,5.55382242455258,5.96435553851669,5.48642350553474,5.64535660108789,2.40459784798341,,14.8538876456117
22089,2.22229968709305,7.546757885580099,8.11297349141495,,,,
22095,,,,,-1.35809882446929,,
22097,10.383247038933401,-0.43321813118987207,-9.21182520982649,,-14.687201146370901,,
22101,,,13.800560184435302,9.557861183352161,,,
22103,0.0282188100864555,6.03634488265048,4.20586359956308,-0.21245886663088198,-3.7655852831253203,-7.64778052702066,1.0217108207661398
22105,4.51399974033175,6.35401499023704,4.35058774681822,-2.20932126952063,-6.03033995233084,-8.54309450491217,-6.292590339413979
22109,10.793787871822,18.844243308385998,17.9515894931349,17.5170224767165,13.934690656713098,15.906813121916802,16.272586974593096
22113,,10.3729429561438,,,,,
22117,,14.414140318459198,,,,,-6.76543321122498
22119,,-19.934193480794,,,,,
23001,-6.14977750201398,-9.57751788784051,2.8909433164066902,9.74316845176233,6.4159519710965895,4.21206765068671,14.4591329863839
23003,,,,,,457.010739840916,
23005,0.042548974919398595,-2.4439307634981597,8.2414379854356,6.53230948615064,10.571061138613699,10.4020345709965,10.5017296997716
23009,,,,7.61254870951404,,,
23011,-9.83407750212422,2.97742596386747,0.9079690988238909,0.035272340663539105,4.33313842303846,9.07565077941008,3.9860054237941296
23017,,12.4305371510228,,,,,
23019,-11.579654447041301,-76.664907711438,-36.7270612056814,20.752917017449597,12.562219110444097,-44.3157667850414,-6.16068005509618
23031,3.72311810254091,2.33359191084705,6.793061855346321,3.12382023215161,-2.36976123913397,-3.74424706107526,0.7620618979467859
24001,22.2596186581448,21.474652569118696,20.1626792986001,,19.267732634234804,20.786231733907996,23.753481315463
24003,26.464230638041396,25.398951490879,24.4475305818894,24.773810722550998,23.0337400925029,22.206003851299396,27.827327767671008
24009,21.0920284264076,22.1637662175043,,20.7873755246246,18.5202420953903,16.380042132270496,21.585387361029102
24011,,,,,,15.286255687943601,
24013,31.964291999437798,29.8223204988189,28.7959953290057,28.4989865300536,27.6202315964221,28.929556582641496,29.870580166203396
24015,33.60736565857489,27.089997300982198,31.1939005221401,28.9706723529981,24.1543625704256,20.5631185329621,18.6255309427446
24017,,25.409913483893305,22.663661575776,24.0469181344858,21.3650554801441,19.963327768505998,19.485231536043802
24021,34.435965872927795,32.7966306461893,31.1123472249659,31.8511120669852,29.508872982727397,29.225696557325705,25.831273253577603
24025,36.0939466022475,34.299737289933304,31.7448605652774,29.070657276586697,24.2889430303883,20.878798230051103,18.453124076294397
24027,31.7493688807448,30.640428485612205,28.4375924811059,29.5798050030003,25.576373029866396,23.1564958442757,21.647904280420498
24031,30.936864880631298,30.745733828039302,28.273412076250796,30.162802817893603,26.947195898404896,26.0444186672882,25.217566216765402
24033,24.2505879208754,24.110555647103695,23.5362174522063,25.6054129304442,21.878835938581002,21.337753935824,21.9715486755861
24037,,,16.4822595824172,,16.2159051908373,,18.637856903449
24043,28.919930172255604,30.1067936206631,28.152663019033398,28.882511897727298,27.505754392750298,28.880562539615003,30.517202770462298
24045,10.3602211185955,,13.168327022329802,18.5379526532196,13.121532929257901,9.681219507094,11.817799393226801
24047,28.486887589214803,,21.1379270676041,,,,
24510,37.0204833593118,35.0046648658777,34.4239510039409,31.514432909442103,23.97861377173095,19.486429587642,19.869651074762352
25001,-1.38916170426575,8.06212414120977,18.5137840846661,20.4661709393351,21.0854523038992,16.0582793665262,26.504521384604896
25003,,41.26075154763579,45.917441820578595,42.8905399026545,42.0323314487131,40.74580547462771,44.12841496931429
25005,10.069327205829902,14.7752889023544,20.6124218845147,21.808547803863103,23.790369612678603,35.68409549466521,24.701256946369497
25009,-3.7546773531668403,-0.61938057451647,4.08443592163739,3.91794697133507,-3.0181809884753297,-8.48395424011601,-7.848725046025069
25011,14.630966654826999,,,,,,14.4422395711893
25013,25.264909791650396,25.5518746949559,29.797329760113104,25.4319842040561,26.0607696927654,24.619208809626002,24.252174253387302
25015,36.38740881520379,37.4900858225117,39.289687875858206,22.4883317330644,19.2871751334435,20.733495255826398,19.145977362016602
25017,4.37663527381036,6.13302587705635,8.09935301069753,4.27194654231624,2.20072696415861,0.381595165825921,-2.15360670351602
25021,8.35544544626231,10.5906474816893,15.864543474847698,13.828699610016299,12.3433537416356,11.373700044408901,4.4159156729163
25023,9.90390794584108,14.117290062696803,17.812540176160102,16.8034576660017,13.221255994695499,10.921935732156301,3.1603524255436404
25025,5.1941521213839295,5.62087387770762,9.805476516378,6.4248217664034195,1.86627217192052,3.5297120301079,-1.17489949297102
25027,15.0998272290754,13.1637545399356,15.3966970099055,9.98819911908768,7.40891998445642,2.68119814508414,-0.682305909955511
26005,,26.1672589832987,27.4336010680843,27.833761799789304,30.086032688166704,,
26017,23.9307314966645,17.239957286084902,13.444614449418498,10.024846325427902,19.2743443368845,19.444656768193198,31.1367704573636
26021,30.619749133893702,39.664214902857,38.640981317762396,39.6041938866168,37.241206946030196,34.2190345745274,38.7437571116695
26025,25.052415078447606,24.2329559702932,28.088345005213107,32.317406424306796,35.4958712424441,35.2941372381372,52.51838640921089
26027,,,,,,35.4307796256484,
26045,28.348094528989698,25.2999705098649,26.3229392938667,33.5832948043292,34.6614654046834,31.2229836213133,46.398664157448906
26049,27.001637940517604,26.038765436413197,26.636435730534902,25.0866223050177,31.667428896684203,44.619656549973705,41.606242484272705
26051,,1.8978713233326698,,,,,
26055,17.470909859941596,,,14.7625685388451,13.024530189282599,15.433624463631102,13.478956274065402
26065,24.391948480430603,24.982337191593103,26.3255511270713,31.0037278024682,36.488292797117,46.474112864873604,55.88939159762071
26067,,,25.342168969045897,,37.606803046980204,,
26075,26.8289747750323,,,,42.7639937578721,,
26077,35.5655162925689,42.961408112219395,42.5648593421731,47.6562620652807,47.7109604937684,35.97287643689871,38.15787144755779
26081,36.5949816853271,33.280925870219704,31.0255432950519,30.2265952955276,29.2960976187275,20.6614077923473,22.022228860312197
26087,32.959528141281005,,,34.70448592074361,40.2815320179195,35.267151298536305,32.9020462609805
26091,,,,,36.928962436463294,,58.54334850023649
26093,26.1604859766159,30.7795367496116,31.849229388128002,33.5377917498161,37.974101032426,42.3824746556108,47.877278750989205
26099,27.124350366528798,18.989493474156898,15.572623472553401,23.984826574532104,24.169366289827696,31.852527856393603,38.310771688496295
26101,,,,,,-11.7295859544802,
26111,20.9310975635922,,,19.4305443970611,,23.481839784181,21.766473910847196
26115,11.7416385059014,13.3152285721407,11.114284693547301,9.41486595261731,18.5480725901309,33.421250460169105,54.4880851582247
26121,26.762856110614496,25.281147782029397,27.8090794476562,22.078976713574498,28.240328233007695,20.028906280375,20.242913971385303
26123,,,,,27.541446650331608,,
26125,21.356696012921102,41.8001896334008,34.8432319648154,32.2162780002177,35.228927162470406,33.061099325676594,35.2896193589807
26139,25.964555107824804,26.8540709369326,28.975929163264396,28.730506955750702,31.683642710643202,30.717742034285,29.5995768949886
26143,,43.23709124520829,,,,,
26145,60.464301426658494,66.0292650141209,61.572015706543795,44.821482061580795,41.0326281576241,33.13632852490039,29.9298684312477
26147,34.6402042482439,41.4351423971572,41.8481429315362,39.4389959962973,39.7049717682666,44.389596345521795,38.255194049991104
26155,,49.2255253493239,50.4128363230118,43.04410495607199,39.774965616871796,37.360759961308005,
26159,,45.6611068009375,47.241496063260996,44.90899798547521,46.3830757093389,37.668508397482206,34.43101997780381
26161,14.3966966187035,27.2575443660662,32.6059296897778,31.787418735186307,33.411605887524,34.0743583261271,37.274125136265894
26163,14.5960920118598,16.266891346542803,26.2865239795564,16.016008382989902,27.7183932689553,30.002847248666303,26.118756818101
27003,99.7767198616359,104.11420740328201,87.86108206349441,114.27237798166998,145.68052683776202,251.252553373327,37.8965952457019
27027,,-211.634380053977,,,,343.13253367811296,
27037,81.2772204112332,100.59169149394201,155.096372428123,89.964863062574,87.46652967281709,207.302140734989,146.328798788194
27053,101.536789754382,145.68473737575303,153.630857631991,152.720868631612,169.72783971791202,192.67781259505,169.59145938542102
27109,31.5204609915673,,,78.2634157587868,,103.33591187103902,107.74872851186501
27123,82.5762400449219,142.55145597118602,136.300468625186,132.585901922935,134.64300498812,160.891215787917,161.902965460384
27137,95.8376590779956,96.68364354996551,96.68406646769941,96.7384416985412,95.96367349442541,81.3152518818519,178.926630289493
27141,,,158.233175118647,,,,144.000137244661
27145,,,,98.87755438110571,,122.612494298479,
27163,126.49011944205802,165.172936382247,196.096519438642,152.26923097817902,140.96896573411698,139.541558129524,141.19241566514
28033,46.5662360240536,36.01553796105,51.9868494990948,49.268050041310104,49.0982934277447,9.41268117964853,52.64840760171771
28045,-5.27289859121591,4.98971451468646,5.30339598507685,1.07093994874192,0.9949482071034851,,
28047,-12.837454985215302,-3.9954843815922096,-2.9897617958646103,-3.85076484314908,-2.83820345187324,-4.16303578222168,3.09011793066318
28049,20.295730270572303,22.2480758818825,16.1031430541344,3.1920645035084396,,,
28059,-18.5225415436181,-9.976343363110441,-9.20902763590896,-7.1809686782429605,-7.6592421832236495,-11.535887614981501,-1.0400316541172598
28067,,,,,,,0.39347040203892
28081,,,19.8238052126649,19.290509151998602,23.803867224673102,,21.4494728888257
28089,31.8732582427561,,,,,,
28091,,,,,9.65921746687668,,
28109,-18.8659011399106,0.6211516709641479,0.139479424610434,-1.46646712158969,6.46433374334614,,3.9612592106429605
28121,,30.539912243808605,34.874840180353,-14.8837298026603,31.354042838084496,19.295510300066894,14.530287621654999
29019,21.0528838548147,23.078351482853197,20.731589492969395,21.1512179958524,20.1573939912582,25.624041115614805,15.904302036111401
29021,,,,2.52846986024396,,,3.64682414231646
29023,16.7288833064451,,,17.2532093202037,,14.2387764242496,20.4844227857504
29031,,20.9303465787248,,,17.1217144689349,14.126924889785,
29037,34.5448980657147,19.025922199144503,3.00409338942448,3.43128291160896,3.39367826362985,4.17449999692747,
29043,,,,,17.1580500432374,11.6659890155856,-5.49478969812052
29047,53.0324643919863,47.65274368719629,2.6478952580247803,2.3957574605378498,3.3020392805171004,3.5832803075865995,3.90323805304648
29051,,,,22.004092910428604,23.515801974895396,,
29069,,,,,,,25.6068722479236
29071,10.2191084840901,13.6620736004947,14.8785286285287,16.5006924185211,19.6508767793378,21.491795556899696,25.668615404959304
29077,18.012554114317698,15.9845948069866,11.8923664046242,13.214234266134698,17.695916001479997,12.2977337841968,-7.4223922753645
29091,2.4920518540985497,,,2.5318578991867997,,,
29095,42.5923529699969,40.94370570211429,3.4503255103315005,3.50886487434248,3.5925847478773303,4.43307075129379,3.6536024452416096
29097,,16.5643656980776,13.4057092232202,12.8143470391883,14.5008907290512,14.782041954607001,-13.9317463980285
29099,7.921418916367099,12.141018687475901,13.406374943159499,14.9249550057551,16.4476627124892,21.329309387454504,24.4651901838125
29113,,,,,19.668979950126502,,28.722691936566996
29145,,,,15.333126411239,15.6744902897319,17.848213220941197,
29155,,,,16.553797716569697,29.861868272479196,,
29161,,,,,16.100316788700596,19.307936830508197,17.069127513281195
29165,,,3.4810415691893497,3.27399492008975,3.25028706320307,,2.99690890669508
29167,,,,19.8923233724432,19.127543534926396,,
29169,,,17.0001660171495,,,16.291317547495197,14.720121045360997
29183,7.20514833517327,11.3370798380342,11.423939065142699,12.922087895627902,17.1334319893984,21.8742631305235,26.121029327314098
29187,0.47602766718328704,7.123412049022031,6.28207868671011,10.760664742413399,12.5092076753548,17.044656216942098,24.192268223548698
29225,,,20.3163665399293,,,,
29510,6.230196261540534,7.638788964163995,6.035937890408035,9.64110540485482,8.854212361560615,13.379533712300102,13.83742601950585
30013,,,37.863510993599895,-0.939199625946685,23.2027478582381,-12.938562212639198,
30029,42.201126378189,35.0118066341793,38.29061810665589,,,,55.3208086584817
30031,,,,42.5693816907142,,,
30049,,,-47.8223872191606,,,98.91906495049619,
30063,-70.30119575774411,-69.2709687533014,0.5271406431234029,-101.50564719830899,-17.110223735221602,-10.6317767590511,34.9675286488036
30093,,,,121.032166860833,,,
30111,51.864996419447706,37.92453996692801,59.9594856337996,36.1015524860033,36.1016583139951,69.78073330475229,32.1826184154303
31055,207.98580970669002,85.352309713651,32.5873551729347,26.970154815409103,11.665457163783199,27.1284314078151,34.7072524452582
31109,129.82110993161498,37.9648694910308,5.33507784706351,6.93502989108216,13.0841218162104,13.5208403179368,19.522292420185398
31153,,,,,12.529580845590099,19.3747187205688,30.360799285316
32003,19.395252900501898,16.871272610699098,20.403376243258997,20.4472185045161,59.9497173939895,18.1980751190555,16.5204217856703
32005,,,-64.33641141098929,-56.930422362597,-23.0592518422547,-44.7774858478015,
32019,,,,,7.75943763880136,,-23.265652697925894
32023,,,17.1114389630667,17.0722130752891,-53.30117784957841,-66.50467158920269,39.4012430380755
32031,67.1363813768881,37.1873421664624,33.4848914129537,34.351170058360495,44.2969489478031,59.57174762661309,24.274058555172896
32510,47.66347039396771,,,37.874712506464206,17.4281146155671,-7.90684632036545,
33001,,-2.32471487493111,1.9706386608621802,-4.44676500485635,,-8.43613439316577,
33003,,7.65473491674413,,,,,
33005,9.13244445469998,,,,,-8.92864272549585,-10.7968081450224
33009,,1.94670853220842,,,-4.02998393474121,,
33011,4.79811396723111,4.32061591247246,4.93778171393884,1.27725329113204,-2.86750079418421,-7.8125054390793895,-13.829055153559
33013,22.9966562215588,10.577225130822002,15.775062381759803,13.2399804517827,-3.3998387616129797,-10.2063401391528,-22.166648925945104
33015,21.9347332479054,23.075869203115804,23.532783552739804,13.1386570491832,1.7912392432220001,-12.2064150941536,-19.2149979415435
33017,19.8839266870549,25.656057340125106,20.5094158788899,12.834782323173599,0.78837636796214,-5.20868343289571,-6.25755826420136
34001,34.667130974364504,36.7236226683787,34.2338308448003,28.835129991863003,24.5877680611068,18.406859707479896,16.1416724313218
34003,33.1623380554248,31.414897108134998,30.8570071648974,,35.415515114214,36.7972285403118,37.986890404807795
34005,36.380882925680694,34.9510556639194,33.4954400171708,29.821318485673604,28.670916771691203,24.192664374737603,23.327039826835698
34007,37.9612689520101,35.94447534504799,33.2231880458487,28.478284741271597,25.6453360136776,21.580859831380998,21.225904745909098
34009,32.95300282874181,,25.093559936235604,,,11.183883021384302,12.932138276903698
34011,40.2091078588885,35.3342657316856,,,19.1859419646712,14.848718133609,14.3201610740363
34013,33.448655214721704,31.686595910327302,30.880358952394204,,34.2985450297973,35.569050334972594,35.577591302813296
34015,43.83111184365921,40.8880002453784,36.3925925642919,26.652864252166395,21.9103143515207,17.834731051619297,19.312759189708803
34017,32.4341670780944,31.665233877955895,31.416489784311104,,35.2176999252195,37.0586375622183,39.3431418029769
34019,,,34.4301062090391,,,,
34021,39.85361827355061,38.9878878782875,37.07168980369221,,32.855394872885995,31.3488803639838,32.8906733972615
34023,43.1680397487065,43.46098299914989,34.4812833555445,31.774119923621804,35.000983028232106,35.305038884743496,35.6192279290776
34025,46.321880492698995,43.91693066016521,45.254154854769105,31.8110151378675,28.518321770948702,27.4306031036926,28.7000237397997
34027,43.038041057719795,42.698838926027406,41.9108740849216,,28.389052810986996,28.142837168414697,27.529787289747
34029,49.755913621021,49.950224306535404,50.4246370878713,,29.0664925002247,23.8615837806915,30.626562998733796
34031,41.7415535318525,43.3900496600636,43.277100106015205,,31.4695785078536,31.390821590286894,29.569593319641697
34033,56.7626625273035,54.1494843941449,,,,18.338832527761607,19.006105432143
34035,46.0284824562611,47.213487026424396,45.8310028970322,,30.6120603166807,29.904948992654806,31.2779910660957
34037,41.252867936784604,,,,33.8894018823369,33.63413990645021,32.1390561919352
34039,44.03904673640589,47.2427565997029,46.79728742064749,36.4263781181387,33.893233461730595,33.37651279776011,32.5421039969799
34041,,,,,33.3951922778452,32.0134527596045,31.423154826046506
35001,16.9036151330099,26.765404215313605,16.172910095308897,41.6266592644206,30.5989209893468,9.45796812654507,-9.42726546964039
35005,-5.24982718812166,10.6352890988277,-1.28538898752022,-14.651907988589002,,-0.438256772678525,-1.36567357111019
35013,22.2626204882893,8.51378594679382,19.8396444436575,20.146709454869,13.657397222807802,13.034699215353399,21.033899113655302
35015,-9.51642646105508,-11.214894610583,-11.470483426358198,-12.156491674869198,34.300722270025105,,-20.362201075063503
35017,,,39.63118157195,32.0595110046284,,,
35025,,-68.3079636832776,-67.1165311002247,,-14.6673084878012,43.91349220934179,
35031,,,39.66035353624589,,27.4488846892098,,
35035,9.291377085361049,43.3326363493919,33.211539837056804,-10.0892102549913,11.6602542783539,13.1573279846052,12.3084140767794
35039,29.508697259556104,26.824668978983397,30.573326473606205,14.279703625700101,61.113983134371495,33.8398947136172,37.938850694557395
35043,17.2223115988311,9.41358687535918,16.7157765589948,32.5206923250974,33.742127290984996,24.2167047747969,24.6329139570349
35045,129.58115627083401,42.6238873945252,122.55262622177301,131.02975218737402,98.0476251163566,91.589202558697,97.75645998820721
35047,,,,,,21.264618118081195,21.9214898359237
35049,2.75755208036923,6.10227675251824,26.9167372910045,25.711984124507797,13.636334603879199,31.108214539922603,30.711829841830294
35055,,39.7371834055868,35.637732897608004,,,,30.547456783963895
35061,75.1105333662949,-5.9607902193278095,31.6940989469792,28.189283311088804,24.4381607784028,29.651611951037893,16.9944574488955
36001,55.245110879993796,54.579620870607606,58.863931048539,51.633445924757005,55.246053674875796,44.044068741546205,33.4012975278736
36005,42.7229241390242,46.6940005222835,47.301114510164496,38.022560420032704,34.025509529207106,33.3029035587208,31.9722318037421
36007,,54.3479466318806,49.6208668779519,49.788386993146,53.1056810000623,51.29629760652939,51.0213614834519
36009,,,,,,,11.561412002336398
36011,,,,,,38.7231916521262,
36013,,18.093970267069796,20.667862804227,,17.953885513036802,19.5828620129635,15.8752219632079
36015,46.801775895378604,,50.593645295629095,,,59.354066603034894,58.5810433009229
36019,,,23.8946379209411,,,-1.99790426397009,
36021,,,,50.6667476139269,,,
36027,46.427927740693306,48.4579968025362,50.37149253694891,46.936633218833,46.7591083913344,44.0738580414258,36.7898213679188
36029,21.5336279410011,16.3266813401003,13.6452185407201,9.33532055781838,12.161856642387301,15.084395168132,7.46698073699754
36033,,,,,,,77.7411503436518
36037,,,,15.4353762362828,,,
36039,,,,,,,41.820978094259395
36045,,,,67.9231705353131,,1.3575300899257001,14.5544523528458
36047,44.261673917338,47.928462544181706,48.089076452192295,34.3095395045215,31.181832904218197,31.373162840792702,31.4392866902137
36051,,,,,,,23.6750878108624
36055,25.082098790683897,24.441526205476602,36.579044407196996,27.779873777514695,34.6897882246682,22.719120210426798,28.389885179275797
36059,41.9369776821342,44.8777721018145,43.7759589750158,35.0195738306669,30.1843763639532,30.624964082745805,31.491664469752394
36061,41.08815807180721,42.293253544143,41.347048459854605,29.7554578240958,27.730391067146698,28.415407107977597,29.890382520434898
36063,43.643442825508295,27.233259394279504,41.4188935457011,18.8333885521811,17.491266156033998,13.1649491424576,43.6331844987908
36065,55.0001375770819,53.235283024349286,,56.3976518543022,59.817081840105104,47.3330841050674,45.8596193589834
36067,58.5014062450519,62.6188520234761,69.9993926066416,55.047490718884404,58.43164176503449,45.4526979209672,39.0965488904692
36069,33.4553856764851,,,,,,
36071,40.8400392222434,40.5767622043753,41.226763428277394,35.378289989886504,33.8113323753564,33.316548365928305,32.713419069362104
36075,,58.493378818682906,73.17968627623922,39.700640254982304,30.557638102428196,19.9082443433556,29.1791327176726
36079,43.2264372672245,,,,,33.9878209067447,33.1713855657692
36081,43.053995496131606,43.2826844743207,42.7357966066651,30.1363276415607,27.848748461595697,28.0648536413496,29.0054557734779
36083,,,48.0316593901844,43.9637258338836,41.4855855723657,,36.75852723727861
36085,43.088795058134004,44.027206416126106,41.6570993292195,25.620737006643697,24.390864573010102,28.0148009379172,30.8016702119051
36087,42.8718863266024,,42.076424081839704,28.127278115702698,27.9374412208567,29.160468343386498,31.4906590678895
36091,,44.1220623262942,45.292710526886104,46.2627791922646,,46.311834688291995,42.321052836168
36093,,,51.3145237726235,49.5120573737481,,48.3422603339884,46.712876244644
36101,41.7252949265735,41.46775019037371,,,,,
36103,56.33978462428729,54.3116004600092,49.4929408226109,41.21041520786311,27.939976858014003,32.410640983033,34.38276503989051
36105,37.767424904412,43.8528103436879,41.4307490929253,,,45.1830644770161,41.261211252809005
36109,,,,,,45.724982373663295,46.63624655389821
36111,,35.589139254631,44.536192706632896,40.56582771195011,42.0896515126829,48.6935198708669,48.8689214671615
36119,42.84122104728039,38.8170336799886,37.92362399345271,22.735256258112805,23.889083422754002,29.637569747602,33.6177873800138
37001,10.6618965681926,10.1262181819711,8.10985816198612,8.31373529951667,12.7351277433298,12.273294031047302,3.03362418149734
37003,,,,5.69766843556053,7.065819801951349,5.02420701550398,
37019,10.9749073879912,8.84619553810924,6.66896049248287,8.861793189505999,6.32256344861066,3.12216554484135,2.81907884993412
37021,8.03731206750418,7.28456709893334,7.68411770534381,8.57026598806123,8.68157265949195,10.682821220201099,8.04155649157737
37023,6.770641072251999,6.38015775263182,6.514915934584139,7.75448134605002,8.44202757979584,6.943098744159711,6.15852685349702
37025,11.3017066396199,9.98314425233366,7.543098798969269,6.77288966429532,5.46432634914471,2.44782042243412,0.601828453221123
37027,7.25259341059292,6.665802383240579,6.32884035137312,6.429834124548151,7.66119361376692,6.1015186498826,4.98702109982947
37031,,1.232356552761,-4.67826277346468,-5.58942012714643,-4.2038801337946,-4.9367844710885,3.30822264135845
37035,8.087273093113701,6.750419987868151,5.9485813196584605,6.87706771720223,5.442735299734871,2.96300435520519,0.975718902547287
37039,,7.58558022573374,,,6.9476158915671204,6.18808598116848,
37045,9.11290499720656,8.44458238600271,8.52158830130439,8.342360621746641,8.68136990020177,6.312557084591821,7.19830317700846
37047,,2.66794895445019,1.8713606616513,13.427960987861699,7.4587316387240605,4.19915541409852,7.15614715553399
37049,0.403746478747236,14.995210338873402,-2.31829521458904,2.67932183792048,2.31706004893319,,2.3181841808882697
37051,13.220930758753898,11.401255964718999,8.228333418464109,14.9741933482303,15.997526628147199,12.4896206612138,9.93337845484961
37057,8.02979740948921,8.4737440869476,6.896840673471349,7.56688761210797,9.44662374688063,7.2680830856760705,8.618374841505009
37063,15.102782151187599,15.478132381060899,11.405942974474199,13.523960810996902,18.6966569676319,18.3998775656024,17.6723608994276
37067,4.58545347905941,4.51854346057352,3.62113324874572,5.22441486121807,7.1392443063255495,6.38683165154829,6.06905048091093
37071,9.220126064305271,10.451449032091501,8.727853492326181,9.45310329567522,8.33210430547854,6.2974393207121295,5.53017960447408
37081,6.26505953681225,6.19800041369668,5.26312130723686,7.693669206634699,11.074697342975801,10.015197012185302,12.0441117353227
37085,,13.571751127000098,11.272274239230699,,16.784311947973897,16.304083544292403,14.5787264614998
37087,7.40576113415343,,7.91749615850955,,9.77863244028206,,11.623678399459
37089,7.27724988160693,7.6028309554980895,7.94006964311446,8.52145447461805,10.118395764131,11.0995003096266,12.7965414666449
37097,4.21834305052628,4.95064823122772,5.8917197350604305,4.98729079541158,4.98503517469561,4.5035319959298,6.12351196364183
37101,,15.784499501038402,,14.3238840141565,16.2995184902263,16.6885392430376,14.733955697380802
37105,,,,,,18.7289239494088,
37107,,,,,,17.18022088059,
37109,6.399710524556081,6.5525318084380295,6.41318479379467,6.470924857371941,,4.18374672343887,5.52503931747861
37111,,7.12958068534619,6.633005722841941,,,,
37113,7.14827288332107,,,,,,
37119,7.59153042450233,7.12054965701462,6.21834547235429,6.858460170609031,6.78930146370115,6.75950356679524,7.07855911659193
37125,13.2797899918599,,11.3301921686779,14.7137251811413,,,17.3803833183757
37127,19.897099284628897,,,,,20.458653000097897,17.8112029011025
37129,4.16572341600508,6.91381301171645,5.97349091425468,14.5096413158975,20.999809818276,18.5760078854597,16.9807870502658
37133,4.00502099598986,-0.40433192529481,-3.0192078508369202,16.020918389934998,16.974989725706198,16.0689684641403,11.411338339652401
37135,,11.424819072424,,12.7628346974224,,20.4159753856473,22.160565092353306
37141,,,-2.48158416451766,,,,
37147,19.496633283077802,,8.535179633133549,21.644198682077104,10.5833895908687,13.2657151120902,9.55652529694224
37151,7.3645759461305405,7.568329320626339,9.45598620680693,12.658868958573402,13.081745776453301,15.138168150202599,16.976660864397598
37153,,,9.234194847726759,12.8307969063002,,16.7441388811286,15.810216866370599
37155,-3.1307372779477696,,1.4080966772761299,9.71034853833042,11.476782666902801,14.860007718734803,12.009641578528502
37157,2.21796906707903,3.49238565666785,2.8024886513927703,6.949738713978701,10.332409493473099,12.761070156238603,15.381873582009803
37159,0.330612429003846,2.37075240864635,3.53698031149762,6.04419882449821,7.370915075446149,10.5438165794139,13.731755873821303
37161,8.5107869297452,7.387044792175381,6.20210632385219,5.78751717805309,5.58319652903407,4.91333491105254,5.86266132189517
37163,,7.75239688146047,2.06646826602487,12.907415395685302,,16.011625372148004,
37167,,1.92304708963735,,10.012315227976801,12.160950420810199,15.5055167419849,18.2280307383312
37169,1.77373070845305,,1.8478727673247102,,,8.26582268839391,
37171,9.0844768129519,,6.541599177894001,4.8869504808677595,7.99363836800429,7.76228477446282,6.37856293262185
37175,,,,,,,10.537245698480001
37179,2.15188855208697,,6.24356361688738,9.45750501716726,10.177299490429197,,12.815878492365501
37181,,23.630550430211,,,,,20.972229495595897
37183,13.3535533325582,22.0788672524945,16.4312294134001,16.339330213128,16.829824342340302,18.658807604849397,17.462846103293604
37191,,15.2469900012504,6.61163968176072,,12.189254478694599,11.8425585281648,11.2863164078748
37193,10.085604623916499,10.6401600350843,9.12455576645458,7.64015746338983,7.304841528993481,5.98603283541612,3.7215378362849
37197,,,,,,,4.07451816593863
39001,,,,,,,7.954959548141261
39003,,,35.7964813204351,,,37.9230875415818,33.2733044050162
39007,,,18.9944625815765,,11.123509862909499,14.1638722356337,17.5055895737157
39009,19.4557343071675,17.518510543949404,19.320432909764897,,,19.640736539256302,17.6257333565204
39013,,,,,,,17.8818723578168
39015,,6.5091972426459295,3.90563244454872,5.24657437349921,8.411387271149149,9.749850301665521,11.361429848250198
39017,14.069610730125397,15.051965057028099,13.891346729629598,20.5091748707172,20.298731344085,20.9784177186662,22.641181757869397
39023,10.934844902202999,12.319445806823802,14.0131028926247,22.289286573541396,23.410865828377204,28.3506156414077,28.297411183396505
39025,7.9534246973850005,5.4208071866994905,3.91386827298845,7.858220631273401,13.895393073964598,15.166406899953303,16.7549607274999
39027,,,6.693732509827511,,,,19.565657408911104
39029,18.7397303753714,19.3001006114147,18.9425420336703,,16.7325578294763,20.153017184392603,13.817103713880199
39033,,26.606771387437,,,,,
39035,21.164739740364897,21.9411443138312,19.973404678245398,19.3122304985838,15.383288999849897,19.607787183149497,21.454987229856897
39037,,,22.9054695184254,,,,31.700603083999894
39041,,20.969492002794798,22.492506974158303,25.914746542945803,23.7147041588543,29.2799037054567,24.3990147508999
39043,,,,,19.353226638135297,19.775790319045896,23.6122318415647
39045,,17.692433756573003,,23.0353816658496,22.4717404114216,22.267122959323103,16.5007683883062
39049,19.4755750753729,19.440456521187695,19.8845396600041,23.5057583519555,21.678881768811603,24.6912023686771,23.1350180284173
39055,,,,,,20.435337244964302,
39057,8.36634671710568,9.342923763851,11.5301423929857,17.309239286118697,20.1745046655689,24.0600457910565,25.479042726512695
39059,,,,,22.0247910614022,,
39061,6.79439961164723,8.34136634694036,7.26104330611048,10.145065907004302,16.7242890206097,18.3854179748446,20.842471361319
39063,,,,,,32.865469637465694,
39065,19.9836822803396,,,,,,
39071,,,,,12.7639975887164,,
39073,,14.924728413594401,,,,,
39079,15.164670268812,,,,,,
39081,19.2084577373678,,21.1741177292132,19.864440074845998,16.5896717801016,20.2540161345414,20.6282122688715
39083,,,,,20.2746082876336,20.2253476775784,
39085,19.3945894547496,20.4823188369758,21.2875213851645,21.1000222074341,17.959713167573803,23.4547809154426,23.3475448083095
39087,,,9.938231108134769,,11.3674871959742,10.487708737280302,10.1518995314516
39089,26.291259661529104,22.2237760884174,21.3198459000651,20.7642863881044,19.6673556621883,19.7451384277227,16.931236544616198
39093,23.38654411763,21.550443063877104,18.5438904751257,18.4537832688885,19.823152236828196,23.6342919400479,32.880765221133096
39095,5.77109114484589,10.658466088363301,15.8051137237671,20.9526159978438,25.057154060987397,16.852048521604598,29.663158233103804
39097,,12.3442811503997,,,17.331182597127302,,
39099,17.603797039766604,18.911373936704106,21.135651402833698,19.8001953229181,18.8082140352552,21.9699232660582,24.320642820337305
39101,,,,,,22.2146317516496,21.8218244538035
39103,26.601457316828004,,27.762206917764697,27.834746496687295,27.3176423736688,28.15707364600711,26.132059560960396
39109,,14.2429082718685,16.819546755666302,,20.528458206565197,23.3937732668635,25.377767684969392
39113,6.213647374589,7.36069472436343,10.0394302566834,12.0311827288591,17.1041912049501,19.7869536897527,23.50646835404
39119,29.797187535311696,,,,,,17.870515783128603
39129,,,,,,16.079984373182903,16.1588603532963
39131,,,,,,11.189592480000801,
39133,19.3290256709907,21.8448184342362,,22.8047277311626,22.272151252619103,,23.8263659847313
39135,,,10.627009540641499,,,,24.012998438487998
39139,30.044349381468106,31.97052864851789,31.175205567880603,29.3062429875288,29.744909842616497,32.642572217915195,29.855786041809495
39141,14.894912644969398,9.38728357203932,8.83881473020383,9.564559133163849,12.459262156919399,13.958310140014001,14.3297133800867
39143,,,33.5054013235205,,,22.3816593858921,
39145,12.827817721460699,8.10468800595935,5.507620677325599,5.348407928290701,9.283938647360939,8.942306003471598,9.19853683852311
39149,,,18.3836045946617,,,,
39151,17.5114412718364,24.3566328074772,27.537425024644303,27.9422891124823,28.0292291807352,32.502931727679204,32.0994110390242
39153,16.9712844173971,23.0304552175607,26.375059268323497,28.198370878418295,31.0347957777861,33.3301893535181,33.3335652890636
39155,13.904086174290601,16.235626090446804,20.374960365260698,19.6769778883227,20.6932494857888,23.139282416401997,26.3823120649481
39157,,,,,,37.71218361158521,
39159,,,,,16.005136236726504,,
39165,12.431778605557401,9.844532955008981,6.90011102131112,6.513258282738139,11.5077424691003,14.9305427783018,17.675542574440602
39167,21.7032746514265,,,,,,
39169,,,32.2252804067227,,,37.7510119157156,
39173,-10.2475945983712,,,20.845628107271498,,,25.235507949318304
40013,,,25.807849419330804,,,20.5240007328085,11.1804816632038
40017,,10.995021281587402,,9.428408889152639,10.2275681661548,14.029110926773903,14.219314155221499
40019,18.847332073554103,,,5.20691342144632,8.33735369800468,2.81841218404992,17.2772339183677
40021,-1.08246662956506,-2.19982879585483,1.0258669348131502,-1.10239382510372,-0.9597416503241091,,
40027,7.49842649222543,6.186223225989,3.6573364012071203,2.08217452516596,3.3073611035263504,4.74258395153746,9.51869586094102
40031,9.73127734162409,2.3506001735124302,,1.14470849901034,-0.642084313880442,0.9886764054242819,8.61938979312851
40037,3.01539606985484,0.48558271576619705,3.0422095094839197,2.62012869731323,-1.84050640383988,0.7010011740408439,-0.76186382572957
40041,,,,2.20584929722396,,,-5.866370070595741
40047,,,,13.744915319729598,,17.968792247195697,
40049,,,,,,,15.157261082972303
40051,,,,7.63190937317696,,,16.96211116884
40071,,,,,21.8585134603651,,
40079,,-3.62917206887703,-10.047025971516199,-8.05053313275614,,-11.865279647567698,-1.3639858517603198
40087,,,,,,,12.467314189286201
40089,,23.128090725578602,,24.7651278988234,,,0.49448716587798797
40097,,,1.13505518095576,,1.50133845966629,,
40101,-3.01526662786327,-5.91340495703845,4.3102981261097,-3.2678049133553397,-2.15843773702196,7.740433460872639,-1.62825570056476
40109,4.8739990476784305,1.4917032578518599,-1.76328649262625,3.01750416212744,1.7361362076114402,6.92245947845862,13.519741009232902
40111,-1.34399720393904,,,,,,3.4286008721457697
40115,,,,,,,6.13305247657072
40119,,,,5.88398576763648,,8.36025617664338,8.29562161247739
40121,,,,6.08783653126963,,5.12969907117011,1.84529739752632
40123,,,,0.257140429792324,-2.4919914057855896,-0.441133890253609,
40125,9.06895365929823,12.527568228159403,9.55139031846939,4.42015599826694,,4.85922407628241,6.741780456285371
40131,-10.093074994445098,1.75507688927262,7.28356962456429,3.5594218771831296,7.55306972272602,12.8790521189689,
40135,-4.82064653669596,,,7.03772796549758,8.83845574140927,,
40137,,15.1100258518341,,,4.81415526266815,4.8427063127517105,14.141449192526197
40143,-3.7228607992746596,2.05821989861801,8.54757605246688,11.167511771085199,8.60380080264788,11.483265309900698,7.236087779712309
40145,-41.0784719198258,-17.4470050515275,9.1835548907599,15.9770194559934,14.294080181968399,8.63504042490643,4.6393460566304
40147,-32.9135478317998,,,4.40791336876725,,4.62401631583951,
41003,,,,,,27.9590085241888,
41005,35.711905727189794,40.4290300300349,41.0400494897586,33.44666238516879,43.27505154938589,46.239290754969495,18.1671241516105
41007,,,,,,28.390100601911893,
41011,,-2.14446203545866,,5.67406899601319,6.03629122707652,,
41017,16.147869610375697,20.2596466253135,16.5212111782061,19.943474239812804,16.024613454342802,23.426091771184698,14.572460884929198
41019,6.304564382700311,7.69031374404292,10.126196132302999,,10.2293067937023,7.483720726628549,13.3035147076047
41029,0.41557075685272293,12.4452912034985,7.92237401851709,22.5792103434052,12.3658883110539,11.8543483056366,28.187463219443703
41033,-1.7436187145853002,4.02432242710249,3.6724215233422703,1.66620950714473,-2.92898959827275,-5.155608196994519,2.39535583889419
41035,23.7028338235913,,-10.905400626397,,-10.0000237557376,-4.55045130438243,
41039,17.8597585865581,16.028247106014902,20.0919749828101,16.7810137865215,14.135134819775196,17.5800171414807,10.0841849310417
41041,14.579751447679199,,21.2738538168146,16.625276226998096,,,15.8806702143662
41043,27.361624789983896,31.8120810519021,28.439684213712102,20.1233990063885,23.478685642428598,22.1987392623999,19.841654679374102
41047,39.3336039810714,39.273106613817895,47.469526979548,40.6939768640607,36.305507761570496,36.99559885069989,25.371229582231702
41051,31.262375009211308,27.6564145881133,38.710559658434896,45.516247715415595,43.216933991408204,44.95124267837271,40.9427552212418
41053,,23.762146109615802,,15.2120430915685,,,
41059,,23.1430076099912,,,,,
41067,26.252009673002203,31.0795376573825,32.1332182118301,31.180947746495097,32.6510743249538,33.2053847453694,31.357542385259496
41071,37.1839711271315,,,29.746257684788898,26.4767518537045,30.982919310851198,23.1316839004365
42001,,,32.611307865431,31.176774752186205,25.3222524723496,24.547431157523004,
42003,14.499212607786301,14.9023821548303,16.128233336616,14.2127025340788,12.770056831870402,15.064551550171801,19.2075580922693
42005,12.4888159933916,,12.7004388638635,,8.84778684991579,8.35711651757529,10.854633308133002
42007,12.882576457085301,16.3398147312885,19.337359977306797,20.908977346666695,19.8170366705856,23.901525437426002,25.279724762473798
42009,,,,17.0022185566542,,,
42011,49.118436208376195,49.7753386923104,46.9708125567665,35.288564063777095,28.911330276687202,25.9520996222986,28.932310539368395
42013,16.8539710399344,16.445580160903102,15.2620375714887,13.9627913368266,11.165134150166,9.18436977845686,8.04867588032545
42015,,,,,,46.2011264759137,45.87760390717071
42017,53.316319876503705,52.4650240092425,47.17689366901,32.7799261469506,29.890596142023103,27.920783800937393,30.0397369326447
42019,12.598747840511598,14.521925568583402,18.296633210834003,16.765916601329998,15.7481140668558,19.063565006498393,20.403240789460895
42021,15.017919265639302,18.159417253464497,17.691215084619103,12.3278996606065,10.277232209584199,9.32317626237057,8.26239646877339
42025,,,44.6641879125097,36.6728107154934,,33.185325460117106,33.8485451452701
42027,,38.360690468403895,,26.312938220223003,,,10.3145314911575
42029,57.247275012144705,56.5840369353513,47.0539497908718,33.83758539071339,25.785739012348397,22.8361534352015,23.388343496376503
42033,,29.019643526946503,,,18.397218239641397,13.864371219694299,
42039,,13.055318102504,21.2346268243775,19.4526754376473,19.8154024872279,23.7166760937124,23.590198312417
42041,,47.61840663988429,45.026138076003996,37.4814074597313,28.0239702083206,24.9857805275718,23.5001669149204
42043,56.46723996669001,56.87073117291321,50.428712666382204,38.6116977927378,30.096070201727503,27.67517091503,25.6849474140866
42045,60.07435592978481,57.151053263559405,47.636762530418004,32.2379902885034,24.721415132303896,23.015267124684502,24.789482425167
42049,6.00113427154346,14.399536593308401,14.795498503271501,17.6867728348853,20.5085142531782,22.9901462047881,25.0384106964084
42051,25.510277239715805,25.605844640374105,26.188735141326696,20.585669878644598,17.917952484854798,16.722227214282697,13.3245272579381
42055,,51.4976306875796,,37.611114005150604,29.2656985330411,28.169474589445002,26.248475163532397
42059,,,,,21.2992975094375,20.110290700011202,
42063,,,25.6404648169829,21.9949837073775,17.2421894563946,13.781980309427802,10.576612708431199
42065,,,,,,,11.991335750565199
42069,39.7025954975631,39.20814319571279,41.4844013849748,37.9843334689336,37.40357584172511,41.908963227688794,42.1517772796479
42071,59.640439105985706,57.413349266399905,49.7850940136684,34.8580659163633,27.248782822594197,26.044521535428,26.795835606390998
42073,12.908809925868301,16.383414982692003,17.991743022798698,,16.3294189889712,15.460158130400501,15.991831181374403
42075,55.850480700220395,,51.62232662731729,,,,
42077,50.650832400259006,52.2287230874663,51.028495155654596,39.922984956200104,34.8976595213059,34.3925663174636,35.9177307900478
42079,47.788564595226795,50.29542890626429,49.40818791277511,42.44383872653879,37.7046527550293,37.4886106555181,37.156061616923495
42081,,,,,30.3023149251817,28.3700275212269,25.533330258770203
42085,14.107151586411499,13.7131803860621,16.703425294623102,15.091498797935401,13.895546729948302,14.6773907406678,14.7676967551788
42089,58.35554910399679,56.726764139658904,49.674565458732786,39.3118640453679,32.7765521113747,33.9942500479329,34.9087223151955
42091,64.5362457154526,62.7435058704354,52.2644870001111,38.00353133058189,31.4687264429418,30.257039553480702,32.0119776667532
42095,62.309478077302394,59.045598577765105,51.39344431549361,38.726480711072796,33.5030759764782,32.833888020048995,34.1005669391578
42097,,,,,34.388819683800804,32.202034894812,
42101,86.7029926630626,64.0470145954189,49.5770379633476,31.0440545593909,29.0751464133562,28.3405618545289,30.5996664351523
42103,,,,,33.0376565329763,36.7656055357794,
42107,82.7055950755122,71.7423414467389,59.42627752541569,45.222611825228796,35.450813745805895,34.1069051423311,35.162701085126905
42111,,,,26.785408009976397,20.0061740260831,,12.3649881145679
42121,12.0313854755077,,,,,12.0137053698369,10.7632184868574
42125,25.065402798289,24.403216230824402,25.985632822354603,25.596633224829702,21.2015294222488,17.1131429449857,14.205666438238698
42127,,,,,,,40.75906458410589
42129,31.0212769791534,29.0506843304493,27.0124771296399,24.700338510303,19.502985811312502,15.252408379933899,11.3765285678045
42131,,,,,,,38.395368922664005
42133,65.7196348225261,64.54086709142521,52.5149762232055,42.046799499711405,32.1050090414852,29.546248238217,30.772394817124997
44001,22.5307823626842,,,,,,
44003,0.8410534586198001,19.149097648481302,21.095541122153197,-2.6849684021185602,-4.79522419340018,6.60673023160408,9.412686723133989
44005,-6.5372737446870905,,-10.259897494748499,,-6.26489111769073,,
44007,3.7930784215110904,-8.571979200213919,-6.16201487447192,-3.17458520372816,-2.85396535190079,4.98356423733221,11.770604811687301
44009,5.73311225223585,-9.01807793058105,-1.66280919238347,-7.469532073026159,-2.36927201457801,15.2145704353288,23.5655113919127
45003,6.22075648356482,5.22730534651563,4.23839333663334,1.47741519798319,2.04520680537046,2.95850237423081,5.29154509276197
45007,11.210964019533302,10.920867550430199,8.95765944652956,10.142261340536,12.192843203045598,12.2329738580313,13.053726729604401
45013,3.18077722455127,2.7960027896555597,2.5310188300382097,2.5869232030326,2.17853863656701,1.39576218552016,-0.7947155457548319
45015,3.0414938120320003,2.80463278304074,2.29541075233894,4.26770499147578,2.44834260414166,0.6498466357044821,0.8463545182312271
45019,2.6250836619853097,3.34827717434574,5.16538838630912,6.00280814935983,3.2339950983093204,3.23379799045434,3.7748844918487103
45021,12.727077814070098,,,,6.7046283828313,,6.31907232063139
45025,,-2.3404724047729397,,,,,
45029,,,,,5.63679474482841,,
45031,-8.58705811638182,,,,,,
45035,,,7.35330093941675,,5.340566066668051,5.29292211022436,3.1295736536981105
45041,-8.416275896897089,,,1.49270350340078,4.07313265860452,5.70897761878311,
45043,,6.19724124095153,,,,,
45045,10.642283047959198,10.0872533077813,8.82181407399935,7.981625982709641,9.343937530318481,9.328496900374029,10.2116689596043
45047,,,15.685359670794,,,,
45051,3.19101074773016,-0.27976996642702395,3.11144621007984,9.26614965543705,8.87442237966054,8.10601354776765,6.02770665262145
45055,,,,,3.53585258036625,,3.10897576362061
45057,21.855305257473603,,,12.1336812911516,7.93920903864682,7.57211801233858,
45059,,17.197115177949602,13.927785280527601,,10.623017903455802,,
45063,21.5041020032146,14.3653728521725,14.659710891195003,4.88724621296228,4.201967996242971,6.19490528147109,4.16622666338502
45073,7.25125068234953,7.41734857546124,6.43099574162859,6.1551708680796,9.4360516777803,11.149214432969401,13.1362340395282
45075,,,,,4.55450089972513,,
45077,7.65843101976387,7.09799003641237,6.72076430148107,5.636304929018761,7.9636735548687305,9.69906774001625,11.283870232932001
45079,18.850644037151103,16.119447120255,14.0290139080496,5.47089342746252,5.77025552728654,5.40337711933234,4.47390439681772
45083,6.84294439558691,5.664760399902749,8.21989828124077,6.504984563617209,8.38504673603771,8.63543232633352,11.383445853437099
45091,11.1187835766755,13.772464255241598,16.760692962727,17.948418806002397,14.654488373701199,13.3733538577609,11.933233298690201
46099,,-22.701264379088602,-34.959951749374305,-76.385148922148,-236.56254387477696,-138.65141301765502,-183.59707036301003
46103,51.03136744437511,,108.593614950809,-463.05976645908703,-227.102905891499,,
47001,8.788585882279019,8.70531134420799,7.83350754071801,7.175807960071361,7.35860614208111,6.6284733453417495,7.287412017323961
47009,9.18133399667172,8.217958704858539,7.87304667231948,6.975536838839121,7.5233085366972405,7.33829684889024,7.574467984307401
47011,9.02636204449972,7.240951494324099,6.22125428184225,6.24327224995415,8.121295666261199,7.439395400851699,8.69138975985365
47013,8.454428582738931,8.41153595127235,7.3523454516725595,,6.72971488969548,5.83415084037245,
47019,9.37434862685224,9.00682098451634,,,8.16082424874709,8.17962993898271,8.10835026528602
47021,,,3.2194427476446497,,-4.47517890818935,3.9795617700878596,18.093599969380602
47025,7.8035977967512205,,,6.297347946842089,6.7439796650723,,
47029,,,,,,,7.755516510959401
47031,,,,,,,10.130193107007598
47035,,,,6.8146535983149095,7.677251233694619,6.503467688382961,7.637742445029902
47037,10.714535432958801,8.65427943541572,4.29290618012923,-0.143881468823411,-3.2922750041212296,-7.4811335569079995,3.89787362862624
47043,,,1.25992328322464,,,,
47051,2.9714767392100097,,,0.5396531421959789,,,
47053,,,,19.466972108198004,,,
47059,8.77035868082463,8.61897721892507,8.580128515025951,7.73396141534861,8.09736226132584,8.732709581843059,8.05844730410397
47063,,8.789386383215291,,,8.42887990640169,7.57045036059464,7.28504018714268
47065,6.87570811477395,6.82076260422962,6.1946109212816705,6.754258317336579,9.0298793920976,8.63173838894631,11.0706264458017
47071,,,,5.36937265437262,,7.07445737860513,
47073,8.66592157445505,8.629498491667999,,7.0742753444149304,7.46533205712963,7.87186240221065,7.84095986736455
47079,17.822099129640097,,,,,,
47089,,8.75117404342317,7.92635985144475,7.08266091246887,,7.635596117991381,
47093,10.086884057959299,8.53962054456108,7.610507171352621,6.759199602761,7.62403117127047,7.219872548320071,7.43034375057469
47099,,2.4466390269451703,-1.6621021530088602,,,,1.32019630374914
47105,9.11942712616138,,7.345035547889971,,,7.2126073150320895,7.224348216492051
47107,,7.64734882241328,6.9944617494332295,,7.76776362785247,6.9952178175094595,
47113,,,,,,19.450662597006303,
47119,10.3878626936615,,-4.702926039028401,-9.01918507355646,-11.1150341236679,,-0.845663731548388
47123,,,,,7.341061720747991,,
47125,21.9813525163716,17.353339231103195,6.89441328034105,-0.144254246713926,2.14499252688617,0.18970101755032898,6.968112312656061
47133,,,,,,5.681119902176681,
47141,8.75484333884347,8.89067615116669,,6.82223936802113,8.174382762505319,7.03390666641165,
47143,8.50045215068052,,,,7.97097816053318,,
47145,8.27469527964595,,,6.43710827942787,7.05875740866198,6.713833932972039,7.75314492355131
47147,,,,,,1.2152453441576698,10.4668569161696
47149,8.21698221431302,5.02292781667596,-1.01451728360358,-3.23200998583151,0.583103652010663,-2.98549023167892,5.66394861069203
47151,,,,4.3310009278722905,,,
47155,9.74630662003819,6.73641196462685,,5.38100658497427,7.310734958495339,7.78298782636638,8.12934784316268
47157,36.132299458194,5.92336276606886,44.874239508479995,37.570131606881,50.84912700557961,31.195357091423396,34.1097022017077
47163,8.03143221040812,9.267541638845291,8.671548015343019,9.499207213096179,9.38802841473929,8.68453477350439,8.07519267636094
47165,25.809567572464204,23.219618059116197,15.182198177978401,8.018835132529329,8.66238932141579,6.78073477649174,8.65411825940118
47177,,17.5656918997853,,,,,
47179,12.7425934651333,10.6423346805646,10.128808266427802,8.70027057891012,8.29836236065988,7.87479643823613,7.515310037627709
47187,19.6456768559891,,,,7.356903473716669,3.4501872105501,6.587787784915701
47189,,31.745403704759102,19.775521294592103,9.05838847770463,8.12857801465814,5.36547785022768,8.820975378627791
48001,8.010240858460179,,9.42325134505198,,,,
48005,,,3.9743848827354302,,,-33.6252189069408,
48007,16.8617113394827,,,,,,
48021,,,52.226141676344994,,,24.8052131705031,
48027,57.11220342429261,82.2445783864605,74.301232332679,74.87137379383829,51.8950810118405,66.4197732688045,-9.7964354763306
48029,29.1928260230467,65.32140672622559,57.76478041512478,59.032532501308,61.082207957437596,64.1209697836949,94.1437731707104
48037,,,,4.63269031837816,,,
48039,4.03993426967788,12.571179132479598,3.50150795698303,-3.4648274188470802,12.126536753211399,-24.0337930854169,-67.1176563870119
48041,38.2400025269809,,50.073062286956805,,45.5805043337391,48.004965059982595,
48061,144.384742229329,39.2648696320975,148.91849401274197,152.776447605174,218.483937635824,44.244842884108905,53.1270602922859
48085,18.8613985852144,17.817276011038004,17.0540309254732,19.920874876129396,22.220459506741395,33.266741251415596,33.426529744189295
48091,31.4097821276914,,,69.0812470951219,67.6029064575234,78.9121203322511,82.4921957625823
48097,,,-2.47675634146844,,,,
48113,21.5896728428763,20.4556692163679,17.4490942405694,13.499347087597199,19.6091987727807,30.3090386550315,35.1219336913379
48121,12.4181318588443,11.5130452255497,3.84410727934084,0.433358653405769,5.09068339444845,21.3169074721074,20.370775506742604
48135,-0.06472812452074089,-40.172970250876,-67.05919867966279,-39.712840961088204,-36.18680154000911,-48.4427920536895,-19.259028056897897
48139,,,26.890953107167398,,23.3400281080619,,41.426438029920796
48141,-68.4763480864035,-58.0312086976562,65.2270262649296,43.7411753454739,37.700264635940094,20.466629098872602,21.260425932140198
48157,9.63308910616467,11.2859715485329,19.337420094583102,14.824754685375597,5.43890044200821,2.46779333086655,4.50407984693659
48167,12.0310977203585,5.4058746709053205,6.41114598805572,-12.1239831447504,-0.369915583805636,-7.692687501360849,-30.292266882652697
48181,35.1186885774828,10.659922410569699,2.15899316853365,1.1594727883832,6.97154390789976,21.785161531115698,31.6818385222849
48183,,-6.05951064496804,,-20.057713591056796,,-24.617522328456896,
48187,29.269663746461895,,31.658056014900104,33.0257344711031,33.9873156061703,37.2920241781646,41.9433674840797
48199,,4.43863294256803,,1.05645997908757,-4.97094133072602,-20.3868367918931,-25.948308671626304
48201,17.5592010945469,14.1035951652552,17.9706440004598,14.6012659588215,9.09196922095821,0.818155376474777,-4.43718978754499
48209,33.7029431992758,50.3641241031072,44.4249650639114,43.0516399185582,52.478343502838,51.1285828295755,
48213,,,29.70881450191,,19.2810587646649,,12.625326273867898
48215,126.29481446466599,99.1343523999902,211.61765079658005,306.050115760848,283.503148671794,199.31592185282497,210.12490364612998
48223,,,,,25.247454135228303,,
48231,29.221552591039,13.0717054219422,3.08032663181041,13.2063790789715,22.4004058742585,29.279633478914302,
48245,17.089421477666004,1.2105371410307901,-3.8934185790960205,-3.3993951329028596,-6.913129375794649,-14.252091374213,-16.7978069077465
48251,41.7311949357001,20.2368591112064,20.9802680449678,,17.819047309751397,35.68762633429699,40.7142072559681
48257,,,31.3195681009396,,,32.195616884711896,33.3034369364595
48265,,,,,,37.3898624163902,
48291,19.625421199505606,12.224885832576401,17.867065401194697,32.018678613879,9.88546372201924,16.262679526129002,13.931806785165499
48303,4.50958024844517,-73.7442496978587,-61.8157955326861,-23.2542859245465,-67.84507087204051,-44.43507560425779,-45.852081391926404
48309,36.6207053633713,45.6373434943198,51.82590812628361,45.387687121555295,41.8457647564459,48.7525001236896,70.2574191131755
48329,2.21028124973728,-22.890463140262803,-82.042030846846,,-105.17647473068901,-95.3456821580619,-62.04332933044089
48339,21.7613050067153,30.5452047445033,46.3737827515335,57.17397703990129,39.9140030665116,34.71239086275201,15.5704433632398
48355,16.708930417925,41.283574660728604,53.832586821678795,63.6640184297519,43.4425678633943,53.93900593141579,71.43554817537371
48361,27.485342178786997,1.2389557493516001,0.670133723895971,2.54107640482124,3.8821663732354303,-0.543714011714935,-8.49516006552751
48367,,,39.11347957276111,33.09706165376829,26.157632804382896,33.826545908385505,33.1715683108665
48373,27.326038888335002,,,24.8829531967331,25.257901000730897,22.255108132519897,
48375,,,-11.4442152822164,-75.32654422611239,-153.74989446030202,-38.138582555041,-26.463893629436104
48381,,102.42114078505502,,28.539097721852603,,,29.7249286156749
48409,,3.1392087808057996,,,27.925572328677394,,
48423,-0.17745654853281698,1.72557810534197,-1.78398199392591,-3.2364370723438,6.07991828311958,6.23967611008611,3.94288865669354
48439,39.338423659250196,33.37118568561161,43.7471612941951,29.651158947645502,23.0383794994229,28.284279867167,29.825323742425702
48441,,55.605229616732984,66.7974484763606,47.3531684510182,74.3974105238095,67.45574831727819,54.2452301806986
48451,117.72387776789299,21.879190809933398,184.497590538181,175.562333413572,40.402816432025105,4.57875160503516,
48453,45.687976812147205,54.07598794667939,18.269086180951998,40.2659477980421,32.8501182113713,48.580124687821005,55.732957484993506
48467,11.5378320276458,-2.02543457206978,,,,,27.0685010861421
48469,,,,1.81914624236469,,4.575016775500631,4.99574559121354
48479,,178.86140071044,175.30095101076898,49.797668253587794,150.382008648248,83.99532087679091,134.406859381777
48485,38.965493886790604,22.851422301666503,19.446851447951,20.3852607018343,7.50011710115097,13.144656704073402,10.8287007467477
48491,19.312575716209,35.257789073916896,25.1081936596101,31.384773662389097,47.3591194357182,53.98176218966471,63.205547889402794
48497,,,,,15.495800367758896,,
49003,,23.744968276931402,,,,37.615573139293396,
49005,,34.0839167184277,40.170318529324,40.108185462016706,,,45.2885018560714
49007,,46.607261236077605,,,,53.77851537743079,
49011,42.8477387064031,29.4436811213529,37.3308341383081,44.593788406152,43.8299827654067,35.96182311168011,30.8043553944534
49021,,64.4742181317173,,,,87.98068538729359,17.8798596889951
49035,44.474668459603706,31.347624203832495,38.529293459873706,43.8641120283663,43.4525375108899,39.57792475481471,36.835787910447706
49045,,13.928063678250503,20.3822160699196,,22.944827324663503,22.6416857738647,20.4883594543878
49049,57.9396215141621,41.165744067451904,37.2572038729679,30.962405194748,30.719416697108805,24.033487630106098,30.375634332544603
49053,55.00561651762671,34.205048135779904,57.144899815628605,-6.25603740966101,43.657149066560294,33.9697977228881,60.1545325075332
49057,72.83047033734691,30.5725214137128,55.9854730659853,42.03168922477871,37.950628958746705,34.3960741952839,44.263845273682904
50007,8.88962696895899,15.5030440919949,15.5603988303511,14.327909702095601,5.10687559787737,10.2087177089853,23.9532906052185
50021,18.9022113654277,25.980736398489903,,,,14.248079482383998,
50023,1.17772629738893,,,,,,
50025,,,21.846723251879897,,,12.9267095265766,15.906821454950501
50027,-45.0827660513522,,11.539936775609801,,,,
51013,34.675464374152895,38.4138801436496,37.362684989554104,,,28.536494702507103,29.7883707523799
51015,,,15.3279599274395,15.3085933168874,,,13.061720196546197
51019,,,,,10.934998217551598,,
51027,,,12.5954440722466,,,12.317843555473502,8.90397641287486
51041,19.1071016674311,18.2599725695278,17.5822808986036,29.6243341022277,26.724212870571495,26.207050209606603,23.852643370255702
51051,,10.5200665899739,11.3250025527199,,,10.541691495414698,
51059,33.4032812603759,36.984857747757005,37.40109102163661,38.292786029327004,31.332096348830202,30.654555663688,31.5500577970935
51061,,31.240255466506202,32.919306687988204,,,34.6412469649201,
51067,,,10.3465983684473,,,10.6764846277943,6.69995187966476
51069,,,,,,32.7191267717053,
51087,13.5507606048405,27.128277577637803,22.0417502050264,40.2579006233817,40.957316548707595,39.620678846685294,37.3900607791039
51089,10.126603881777902,,10.4286448566295,10.6226662719306,,4.8837009312874,5.36217404094321
51107,35.549431165528404,37.350545430804104,,38.5286912072716,32.3622347193204,33.35461335664831,33.8041625704388
51121,,13.5645073223427,12.9580966011138,12.212816675416,,10.8159390551271,
51153,26.9138317229683,31.9775157777063,35.2518939088394,37.1732598219816,30.5760755619359,31.755315324980998,32.93153448653269
51155,14.5506928388081,14.7141188718631,14.757545688398599,14.4338766954696,,12.118724297252399,
51161,,12.775810317352501,12.1255976523077,,10.6704339884631,,
51167,,12.411819705642401,,,12.9152068150908,11.4291006467872,
51177,,,35.881005912774896,,,32.9841936589287,34.3968113096729
51179,,39.0122768595587,,38.024287745141,,,
51185,13.7245778123325,13.6038735192237,15.188811233369698,17.113499823929,15.552406771075104,13.867640814712502,9.79165210659587
51191,,,14.1626775709664,,,11.1737683865126,
51195,9.41097724586772,10.123339468587,,9.49422003067192,9.50569166381363,8.981392161722109,7.3692925739456
51510,,,40.9652239846225,37.8490319761087,,25.8842763370164,27.6804501142479
51550,-1.17272863856694,-2.32372796738076,27.3957862283607,25.932901164422304,26.4568385399934,16.9237651391123,15.938414705856301
51650,2.77111017843712,,,,29.850617543364997,23.2805464606815,22.2767679599285
51700,4.02590305258608,19.1881742822163,40.6477105785705,39.2893594931235,32.23902416919461,28.167636263413698,26.4325341596783
51710,19.4081624246279,18.9578461467249,42.73114716891121,44.9540375950545,28.7146992746824,22.2579744262893,18.488161928919
51740,19.446389377352,24.978238073932697,,30.4679731320531,,20.207154128716898,
51760,41.1675139759126,55.880310518545706,47.9010137715276,48.991087919549706,33.0643096500204,37.448564090645995,29.358131433778002
51770,11.263914991330699,12.290808883852302,12.081733488165899,10.239755038025802,9.48715269373133,9.40114124536314,6.385037669671299
51810,62.410620461797706,37.1965103859271,10.453535909638498,14.861591879386701,10.904492052776,12.3216003926549,16.2160795994287
51840,,,,,,,29.975676347380602
53005,11.302880653271401,10.621343579945,53.74680729441079,13.282402291856599,-16.7932398092901,12.6779320191169,10.339542071836098
53007,51.582877174763595,,53.440077422702906,50.014413409820705,43.067924575529204,50.8546441405208,55.1526450652422
53009,10.0297745910399,31.347500338569702,5.83119668781955,5.66535199917797,-8.74779891928599,-9.30557193896684,-40.9862202200932
53011,25.9622343122614,27.033184252754605,28.0626192548899,29.6017437070677,32.255313116950504,38.9244545864412,36.8648462265928
53015,30.9214988162469,22.0837849122349,17.733657599581303,18.4854012308411,18.535894443920302,27.245239384826803,26.713095470291602
53025,57.407019972479,59.107808653680394,77.4723949204212,83.5842901558317,78.740091738424,28.683336808662396,
53027,27.497459381734497,25.794267967770395,23.6270783268818,18.513561251200898,5.46883825430051,1.0128083811084498,2.1135762395561004
53029,,,46.061793936941704,37.077839552921795,,,-0.531016666761724
53033,44.9654393035163,43.6457412773713,40.411070641554794,38.6446069277807,37.076554216844606,33.1009620821072,20.7512798197161
53035,44.2950978065906,45.754293206384794,41.50657128064311,37.766390699506104,26.7486257390053,26.0665546270395,12.3029928456408
53041,37.52039488225,30.443501559270004,22.6727729031462,25.4791172598511,25.677166973790698,28.0552809242411,27.579076630315196
53045,51.892677868128004,,35.3427133523965,26.404074820837902,,,8.91611631654463
53047,53.256579049232,,,,,,
53053,61.101362926216105,52.9392782742656,38.1263330283039,30.924348834860698,24.3525217502718,26.2071426649059,19.794122745714603
53057,42.924511389894,50.5131113390473,45.639536612342795,40.221010691858,36.2742228878542,35.1532752436515,23.5067188424188
53061,54.700920197407996,36.44657918490471,36.0129159820282,37.8795798237954,34.306406269873705,36.9558655198315,33.822118712824
53063,29.0302495429252,61.9877650319644,75.5048785899736,34.26574615584369,33.2958734762734,24.7914755443649,4.65060665566348
53065,78.29144155992199,,56.182317344009405,,,,
53067,45.68347621670989,43.0616280240805,31.142309751712105,27.4245062272852,22.203462895277305,24.7336215695661,23.402506369823396
53071,,,,45.7493382119928,,,
53073,2.57721118231901,22.618299425368598,19.9153540921685,27.8891116751534,23.5727529607477,26.321571555775897,25.8838398394874
53077,43.8657308385128,31.767567896288202,56.88331465395821,40.372898406555194,38.75930681366671,33.7080190470338,42.6242137393579
54003,61.5314647760121,51.1505707618284,45.986438394594195,38.4817024389732,27.976551311839398,28.8917656166743,28.957876294089097
54005,,,12.579600626763698,,13.2671232386341,12.987178236739998,11.289490022865403
54009,,,,,,20.695680755056,
54011,10.8670509299113,8.534226441174681,8.94519604107986,,9.85123274299033,10.6739203402315,11.3692575083324
54019,14.590788233118301,13.726002516963497,15.4246054436116,,16.7924892395694,14.746360604714601,13.490289975234198
54025,,,,,18.2656924663414,18.265515205593204,14.4410961458633
54029,23.5556231878803,25.0670312191155,26.256315360776,,22.554722751543302,,18.9806535031151
54033,28.884689029154604,28.5081404262368,31.1426844478419,,28.9326392593935,26.362284279056002,19.156097543994104
54037,,63.520364573171804,53.63271350276989,40.9096044171818,,30.104558109297198,32.135430752066604
54039,13.509618220815401,12.3791095673884,14.551457767704997,16.864721113973697,16.770942062220197,16.5464396474606,15.123271727756398
54043,,,,,12.807933676219099,12.255588883201101,
54045,10.868538940365898,10.5919603088304,,,14.7888016083361,13.194901641342401,10.5936496056597
54047,,12.640148454969099,15.539564965438002,,17.016040117635903,15.0863590756742,11.649286475863
54049,,29.035312915263596,,,,,
54051,,,,,24.3774907936769,,
54053,,12.721254765752601,,,,,
54055,15.718991492939999,14.669076129634698,17.184946742617303,19.662744728516298,19.421380112462398,17.4819669335265,12.089770804940802
54059,,10.0415073909321,9.85448779069587,,14.009025993393397,10.6060360387802,8.08173286157434
54061,,,29.1165608059898,,,,18.880187283252
54067,,,,,,16.9200769238458,13.436769987550697
54079,,,,,12.166440293284598,11.730091098831402,
54081,22.514802219973298,16.2622449364529,13.6113503204731,12.402887808543301,14.446909067143801,13.7966804572382,11.835798152692
54089,,,,,13.838429473110997,,
54099,17.0362716949017,,,,7.6331561813948205,8.34586176809486,7.67715983600197
54107,23.880790793157196,,18.244999857026396,,,19.407474110291602,18.1624366168064
54109,20.103968629232,15.7043395331913,12.290648148901798,,9.36542919275305,11.348754594661301,11.126130222130302
55009,39.788959470485,38.4355230980759,34.189823314576294,26.7544930573344,27.256406611777003,8.800013398943381,9.157532276800321
55017,-27.840590296573804,,,,,,
55021,34.0550344233773,,32.9251158311729,,,,
55025,31.091969038950896,26.078363664473898,25.7071561267622,23.3638387459341,27.696225807123696,28.526605252925897,27.324833798860997
55027,,27.741806017416497,27.156778530151797,20.803942358998,23.998478070491398,24.602014113908304,
55035,-21.8927226563162,,,,,,
55039,32.6297001876659,,,,23.0046467197653,,26.504887927713604
55055,,,24.865422956268304,,,,
55059,21.8127143864422,24.624191362516697,23.5544270102211,23.735428817576,27.5372111237737,28.942986049855897,30.417630065974098
55063,,15.7560079725577,,21.426282708556897,30.381822582218,19.8609708209792,14.5784899708612
55071,,31.3188866806621,27.5622826559552,18.318976734591196,25.110846669395603,,28.193384895688396
55073,,,,,,,23.1912143775573
55079,28.927484807084603,29.069121338152897,25.4453969125963,18.958342599638396,23.277072922105106,25.317311686462602,29.376783035322806
55087,,,,52.8548911775815,49.561322996990505,44.1240899098799,33.572347980850395
55097,,39.300853585061894,,,,,
55101,31.8352974082036,29.917672234643604,29.608818370178998,33.011072996406796,33.40602105686211,31.402824103492105,32.5582722360829
55105,26.3768859480775,33.434333029867396,27.0520169979935,21.9548087118235,24.4638252487145,24.502267726627398,26.5244327919311
55111,,,,22.6245618270078,,35.160644766104305,
55117,,37.380212645067296,,23.665357538863898,,24.4775596792102,
55127,,36.9991077030145,,22.364438411979897,22.0522115682761,23.1428169983708,26.095558318458302
55131,,37.7160100439775,,23.746166289508803,22.0176685129655,23.3389810304354,20.207853992925802
55133,41.78001095786911,36.7046937923105,30.903307738820097,17.6848447285772,20.277103270088894,22.081462113085397,21.5406227184958
55139,64.54300934641421,56.14437998195021,54.1726694296067,32.1306490228951,38.0042820306421,37.8103641594096,34.858362584798606
55141,,,,,11.933720710828998,,
56013,111.05984451371799,,,,,,34.5065235023355
56021,,36.6444444620165,36.6481377970844,57.55095787343921,57.553391328051795,34.1200672928018,34.0398227680297
56025,,,,134.734564632527,130.174712875295,315.12468516516503,146.84319232951498
56037,,,,,,27.325428115052496,
