County_cd,Deaths,Population,State,County_nm,Year
1001,-1,54571,AL,Autauga,2010
1003,26,182265,AL,Baldwin,2010
1005,-1,27457,AL,Barbour,2010
1007,-1,22915,AL,Bibb,2010
1009,10,57322,AL,Blount,2010
1011,-1,10914,AL,Bullock,2010
1013,-1,20947,AL,Butler,2010
1015,21,118572,AL,Calhoun,2010
1017,-1,34215,AL,Chambers,2010
1019,-1,25989,AL,Cherokee,2010
1021,11,43643,AL,Chilton,2010
1023,-1,13859,AL,Choctaw,2010
1025,-1,25833,AL,Clarke,2010
1027,-1,13932,AL,Clay,2010
1029,-1,14972,AL,Cleburne,2010
1031,-1,49948,AL,Coffee,2010
1033,-1,54428,AL,Colbert,2010
1035,-1,13228,AL,Conecuh,2010
1037,-1,11539,AL,Coosa,2010
1039,-1,37765,AL,Covington,2010
1041,-1,13906,AL,Crenshaw,2010
1043,-1,80406,AL,Cullman,2010
1045,-1,50251,AL,Dale,2010
1047,-1,43820,AL,Dallas,2010
1049,-1,71109,AL,DeKalb,2010
1051,-1,79303,AL,Elmore,2010
1053,10,38319,AL,Escambia,2010
1055,12,104430,AL,Etowah,2010
1057,-1,17241,AL,Fayette,2010
1059,-1,31704,AL,Franklin,2010
1061,-1,26790,AL,Geneva,2010
1063,-1,9045,AL,Greene,2010
1065,-1,15760,AL,Hale,2010
1067,-1,17302,AL,Henry,2010
1069,13,101547,AL,Houston,2010
1071,-1,53227,AL,Jackson,2010
1073,60,658466,AL,Jefferson,2010
1075,-1,14564,AL,Lamar,2010
1077,11,92709,AL,Lauderdale,2010
1079,-1,34339,AL,Lawrence,2010
1081,-1,140247,AL,Lee,2010
1083,14,82782,AL,Limestone,2010
1085,-1,11299,AL,Lowndes,2010
1087,-1,21452,AL,Macon,2010
1089,35,334811,AL,Madison,2010
1091,-1,21027,AL,Marengo,2010
1093,-1,30776,AL,Marion,2010
1095,-1,93019,AL,Marshall,2010
1097,45,412992,AL,Mobile,2010
1099,-1,23068,AL,Monroe,2010
1101,18,229363,AL,Montgomery,2010
1103,18,119490,AL,Morgan,2010
1105,-1,10591,AL,Perry,2010
1107,-1,19746,AL,Pickens,2010
1109,-1,32899,AL,Pike,2010
1111,-1,22913,AL,Randolph,2010
1113,-1,52947,AL,Russell,2010
1115,15,83593,AL,St. Clair,2010
1117,26,195085,AL,Shelby,2010
1119,-1,13763,AL,Sumter,2010
1121,-1,82291,AL,Talladega,2010
1123,-1,41616,AL,Tallapoosa,2010
1125,27,194656,AL,Tuscaloosa,2010
1127,34,67023,AL,Walker,2010
1129,-1,17581,AL,Washington,2010
1131,-1,11670,AL,Wilcox,2010
1133,-1,24484,AL,Winston,2010
2013,-1,3141,AK,Aleutians East ,2010
2016,-1,5561,AK,Aleutians West Cens,2010
2020,38,291826,AK,Anchorage ,2010
2050,-1,17013,AK,Bethel Cens,2010
2060,-1,997,AK,Bristol Bay ,2010
2068,-1,1826,AK,Denali ,2010
2070,-1,4847,AK,Dillingham Cens,2010
2090,10,97581,AK,Fairbanks North Star ,2010
2100,-1,2508,AK,Haines ,2010
2105,Missing,Missing,AK,Hoonah-Angoon Cens,2010
2110,-1,31275,AK,Juneau ,2010
2122,-1,55400,AK,Kenai Peninsula ,2010
2130,-1,13477,AK,Ketchikan Gateway ,2010
2150,-1,13592,AK,Kodiak Island ,2010
2164,-1,1631,AK,Lake and Peninsula ,2010
2170,10,88995,AK,Matanuska-Susitna ,2010
2180,-1,9492,AK,Nome Cens,2010
2185,-1,9430,AK,North Slope ,2010
2188,-1,7523,AK,Northwest Arctic ,2010
2195,Missing,Missing,AK,Petersburg Borough/Cens,2010
2198,Missing,Missing,AK,Prince of Wales-Hyder Cens,2010
2201,-1,5559,AK,Prince of Wales-Outer Ketchikan Cens,2010
2220,-1,8881,AK,Sitka ,2010
2230,Missing,Missing,AK,Skagway Munic,2010
2232,-1,3118,AK,Skagway-Hoonah-Angoon Cens,2010
2240,-1,7029,AK,Southeast Fairbanks Cens,2010
2261,-1,9636,AK,Valdez-Cordova Cens,2010
2270,-1,7459,AK,Wade Hampton Cens,2010
2275,Missing,Missing,AK,Wrangell City and ,2010
2280,-1,6184,AK,Wrangell-Petersburg Cens,2010
2282,-1,662,AK,Yakutat ,2010
2290,-1,5588,AK,Yukon-Koyukuk Cens,2010
4001,-1,71518,AZ,Apache,2010
4003,24,131346,AZ,Cochise,2010
4005,18,134421,AZ,Coconino,2010
4007,10,53597,AZ,Gila,2010
4009,-1,37220,AZ,Graham,2010
4011,-1,8437,AZ,Greenlee,2010
4012,-1,20489,AZ,La Paz,2010
4013,610,3817117,AZ,Maricopa,2010
4015,68,200186,AZ,Mohave,2010
4017,19,107449,AZ,Navajo,2010
4019,205,980263,AZ,Pima,2010
4021,51,375770,AZ,Pinal,2010
4023,-1,47420,AZ,Santa Cruz,2010
4025,46,211033,AZ,Yavapai,2010
4027,23,195751,AZ,Yuma,2010
5001,-1,19019,AR,Arkansas,2010
5003,-1,21853,AR,Ashley,2010
5005,-1,41513,AR,Baxter,2010
5007,31,221339,AR,Benton,2010
5009,-1,36903,AR,Boone,2010
5011,-1,11508,AR,Bradley,2010
5013,-1,5368,AR,Calhoun,2010
5015,-1,27446,AR,Carroll,2010
5017,-1,11800,AR,Chicot,2010
5019,-1,22995,AR,Clark,2010
5021,-1,16083,AR,Clay,2010
5023,-1,25970,AR,Cleburne,2010
5025,-1,8689,AR,Cleveland,2010
5027,-1,24552,AR,Columbia,2010
5029,-1,21273,AR,Conway,2010
5031,13,96443,AR,Craighead,2010
5033,13,61948,AR,Crawford,2010
5035,-1,50902,AR,Crittenden,2010
5037,-1,17870,AR,Cross,2010
5039,-1,8116,AR,Dallas,2010
5041,-1,13008,AR,Desha,2010
5043,-1,18509,AR,Drew,2010
5045,16,113237,AR,Faulkner,2010
5047,-1,18125,AR,Franklin,2010
5049,-1,12245,AR,Fulton,2010
5051,28,96024,AR,Garland,2010
5053,-1,17853,AR,Grant,2010
5055,-1,42090,AR,Greene,2010
5057,-1,22609,AR,Hempstead,2010
5059,-1,32923,AR,Hot Spring,2010
5061,-1,13789,AR,Howard,2010
5063,-1,36647,AR,Independence,2010
5065,-1,13696,AR,Izard,2010
5067,-1,17997,AR,Jackson,2010
5069,-1,77435,AR,Jefferson,2010
5071,-1,25540,AR,Johnson,2010
5073,-1,7645,AR,Lafayette,2010
5075,-1,17415,AR,Lawrence,2010
5077,-1,10424,AR,Lee,2010
5079,-1,14134,AR,Lincoln,2010
5081,-1,13171,AR,Little River,2010
5083,-1,22353,AR,Logan,2010
5085,16,68356,AR,Lonoke,2010
5087,-1,15717,AR,Madison,2010
5089,-1,16653,AR,Marion,2010
5091,-1,43462,AR,Miller,2010
5093,-1,46480,AR,Mississippi,2010
5095,-1,8149,AR,Monroe,2010
5097,-1,9487,AR,Montgomery,2010
5099,-1,8997,AR,Nevada,2010
5101,-1,8330,AR,Newton,2010
5103,-1,26120,AR,Ouachita,2010
5105,-1,10445,AR,Perry,2010
5107,-1,21757,AR,Phillips,2010
5109,-1,11291,AR,Pike,2010
5111,-1,24583,AR,Poinsett,2010
5113,-1,20662,AR,Polk,2010
5115,10,61754,AR,Pope,2010
5117,-1,8715,AR,Prairie,2010
5119,55,382748,AR,Pulaski,2010
5121,-1,17969,AR,Randolph,2010
5123,-1,28258,AR,St. Francis,2010
5125,-1,107118,AR,Saline,2010
5127,-1,11233,AR,Scott,2010
5129,-1,8195,AR,Searcy,2010
5131,14,125744,AR,Sebastian,2010
5133,-1,17058,AR,Sevier,2010
5135,-1,17264,AR,Sharp,2010
5137,-1,12394,AR,Stone,2010
5139,-1,41639,AR,Union,2010
5141,-1,17295,AR,Van Buren,2010
5143,14,203065,AR,Washington,2010
5145,-1,77076,AR,White,2010
5147,-1,7260,AR,Woodruff,2010
5149,-1,22185,AR,Yell,2010
6001,132,1510271,CA,Alameda,2010
6003,-1,1175,CA,Alpine,2010
6005,11,38091,CA,Amador,2010
6007,85,220000,CA,Butte,2010
6009,12,45578,CA,Calaveras,2010
6011,-1,21419,CA,Colusa,2010
6013,94,1049025,CA,Contra Costa,2010
6015,-1,28610,CA,Del Norte,2010
6017,43,181058,CA,El Dorado,2010
6019,104,930450,CA,Fresno,2010
6021,-1,28122,CA,Glenn,2010
6023,48,134623,CA,Humboldt,2010
6025,10,174528,CA,Imperial,2010
6027,-1,18546,CA,Inyo,2010
6029,140,839631,CA,Kern,2010
6031,14,152982,CA,Kings,2010
6033,36,64665,CA,Lake,2010
6035,12,34895,CA,Lassen,2010
6037,701,9818605,CA,Los Angeles,2010
6039,20,150865,CA,Madera,2010
6041,35,252409,CA,Marin,2010
6043,-1,18251,CA,Mariposa,2010
6045,19,87841,CA,Mendocino,2010
6047,29,255793,CA,Merced,2010
6049,-1,9686,CA,Modoc,2010
6051,-1,14202,CA,Mono,2010
6053,43,415057,CA,Monterey,2010
6055,17,136484,CA,Napa,2010
6057,14,98764,CA,Nevada,2010
6059,313,3010232,CA,Orange,2010
6061,27,348432,CA,Placer,2010
6063,-1,20007,CA,Plumas,2010
6065,255,2189641,CA,Riverside,2010
6067,216,1418788,CA,Sacramento,2010
6069,-1,55269,CA,San Benito,2010
6071,134,2035210,CA,San Bernardino,2010
6073,368,3095313,CA,San Diego,2010
6075,170,805235,CA,San Francisco,2010
6077,129,685306,CA,San Joaquin,2010
6079,40,269637,CA,San Luis Obispo,2010
6081,55,718451,CA,San Mateo,2010
6083,49,423895,CA,Santa Barbara,2010
6085,133,1781642,CA,Santa Clara,2010
6087,47,262382,CA,Santa Cruz,2010
6089,49,177223,CA,Shasta,2010
6091,-1,3240,CA,Sierra,2010
6093,13,44900,CA,Siskiyou,2010
6095,52,413344,CA,Solano,2010
6097,83,483878,CA,Sonoma,2010
6099,90,514453,CA,Stanislaus,2010
6101,18,94737,CA,Sutter,2010
6103,-1,63463,CA,Tehama,2010
6105,-1,13786,CA,Trinity,2010
6107,26,442179,CA,Tulare,2010
6109,18,55365,CA,Tuolumne,2010
6111,96,823318,CA,Ventura,2010
6113,15,200849,CA,Yolo,2010
6115,-1,72155,CA,Yuba,2010
8001,66,441603,CO,Adams,2010
8003,-1,15445,CO,Alamosa,2010
8005,82,572003,CO,Arapahoe,2010
8007,-1,12084,CO,Archuleta,2010
8009,-1,3788,CO,Baca,2010
8011,-1,6499,CO,Bent,2010
8013,23,294567,CO,Boulder,2010
8014,-1,55889,CO,Broomfield,2010
8015,-1,17809,CO,Chaffee,2010
8017,-1,1836,CO,Cheyenne,2010
8019,-1,9088,CO,Clear Creek,2010
8021,-1,8256,CO,Conejos,2010
8023,-1,3524,CO,Costilla,2010
8025,-1,5823,CO,Crowley,2010
8027,-1,4255,CO,Custer,2010
8029,-1,30952,CO,Delta,2010
8031,128,600158,CO,Denver,2010
8033,-1,2064,CO,Dolores,2010
8035,23,285465,CO,Douglas,2010
8037,-1,52197,CO,Eagle,2010
8039,-1,23086,CO,Elbert,2010
8041,79,622263,CO,El Paso,2010
8043,-1,46824,CO,Fremont,2010
8045,-1,56389,CO,Garfield,2010
8047,-1,5441,CO,Gilpin,2010
8049,-1,14843,CO,Grand,2010
8051,-1,15324,CO,Gunnison,2010
8053,-1,843,CO,Hinsdale,2010
8055,-1,6711,CO,Huerfano,2010
8057,-1,1394,CO,Jackson,2010
8059,57,534543,CO,Jefferson,2010
8061,-1,1398,CO,Kiowa,2010
8063,-1,8270,CO,Kit Carson,2010
8065,-1,7310,CO,Lake,2010
8067,-1,51334,CO,La Plata,2010
8069,40,299630,CO,Larimer,2010
8071,-1,15507,CO,Las Animas,2010
8073,-1,5467,CO,Lincoln,2010
8075,-1,22709,CO,Logan,2010
8077,22,146723,CO,Mesa,2010
8079,-1,712,CO,Mineral,2010
8081,-1,13795,CO,Moffat,2010
8083,-1,25535,CO,Montezuma,2010
8085,-1,41276,CO,Montrose,2010
8087,-1,28159,CO,Morgan,2010
8089,-1,18831,CO,Otero,2010
8091,-1,4436,CO,Ouray,2010
8093,-1,16206,CO,Park,2010
8095,-1,4442,CO,Phillips,2010
8097,-1,17148,CO,Pitkin,2010
8099,-1,12551,CO,Prowers,2010
8101,23,159063,CO,Pueblo,2010
8103,-1,6666,CO,Rio Blanco,2010
8105,-1,11982,CO,Rio Grande,2010
8107,-1,23509,CO,Routt,2010
8109,-1,6108,CO,Saguache,2010
8111,-1,699,CO,San Juan,2010
8113,-1,7359,CO,San Miguel,2010
8115,-1,2379,CO,Sedgwick,2010
8117,-1,27994,CO,Summit,2010
8119,-1,23350,CO,Teller,2010
8121,-1,4814,CO,Washington,2010
8123,28,252825,CO,Weld,2010
8125,-1,10043,CO,Yuma,2010
9001,61,916829,CT,Fairfield,2010
9003,84,894014,CT,Hartford,2010
9005,21,189927,CT,Litchfield,2010
9007,26,165676,CT,Middlesex,2010
9009,116,862477,CT,New Haven,2010
9011,31,274055,CT,New London,2010
9013,-1,152691,CT,Tolland,2010
9015,18,118428,CT,Windham,2010
10001,27,162310,DE,Kent,2010
10003,84,538479,DE,New Castle,2010
10005,34,197145,DE,Sussex,2010
11001,78,601723,DC,District of C,2010
12001,25,247336,FL,Alachua,2010
12003,-1,27115,FL,Baker,2010
12005,27,168852,FL,Bay,2010
12007,-1,28520,FL,Bradford,2010
12009,137,543376,FL,Brevard,2010
12011,262,1748066,FL,Broward,2010
12013,-1,14625,FL,Calhoun,2010
12015,11,159978,FL,Charlotte,2010
12017,34,141236,FL,Citrus,2010
12019,26,190865,FL,Clay,2010
12021,45,321520,FL,Collier,2010
12023,18,67531,FL,Columbia,2010
12027,-1,34862,FL,DeSoto,2010
12029,-1,16422,FL,Dixie,2010
12031,149,864263,FL,Duval,2010
12033,34,297619,FL,Escambia,2010
12035,13,95696,FL,Flagler,2010
12037,-1,11549,FL,Franklin,2010
12039,-1,46389,FL,Gadsden,2010
12041,-1,16939,FL,Gilchrist,2010
12043,-1,12884,FL,Glades,2010
12045,-1,15863,FL,Gulf,2010
12047,-1,14799,FL,Hamilton,2010
12049,-1,27731,FL,Hardee,2010
12051,-1,39140,FL,Hendry,2010
12053,57,172778,FL,Hernando,2010
12055,13,98786,FL,Highlands,2010
12057,264,1229226,FL,Hillsborough,2010
12059,-1,19927,FL,Holmes,2010
12061,22,138028,FL,Indian River,2010
12063,-1,49746,FL,Jackson,2010
12065,-1,14761,FL,Jefferson,2010
12067,-1,8870,FL,Lafayette,2010
12069,39,297052,FL,Lake,2010
12071,107,618754,FL,Lee,2010
12073,13,275487,FL,Leon,2010
12075,11,40801,FL,Levy,2010
12077,-1,8365,FL,Liberty,2010
12079,-1,19224,FL,Madison,2010
12081,78,322833,FL,Manatee,2010
12083,59,331298,FL,Marion,2010
12085,22,146318,FL,Martin,2010
12086,98,2496435,FL,Miami-Dade,2010
12087,18,73090,FL,Monroe,2010
12089,16,73314,FL,Nassau,2010
12091,19,180822,FL,Okaloosa,2010
12093,-1,39996,FL,Okeechobee,2010
12095,156,1145956,FL,Orange,2010
12097,27,268685,FL,Osceola,2010
12099,238,1320134,FL,Palm Beach,2010
12101,177,464697,FL,Pasco,2010
12103,284,916542,FL,Pinellas,2010
12105,95,602095,FL,Polk,2010
12107,23,74364,FL,Putnam,2010
12109,22,190039,FL,St. Johns,2010
12111,54,277789,FL,St. Lucie,2010
12113,23,151372,FL,Santa Rosa,2010
12115,83,379448,FL,Sarasota,2010
12117,71,422718,FL,Seminole,2010
12119,-1,93420,FL,Sumter,2010
12121,-1,41551,FL,Suwannee,2010
12123,-1,22570,FL,Taylor,2010
12125,-1,15535,FL,Union,2010
12127,112,494593,FL,Volusia,2010
12129,-1,30776,FL,Wakulla,2010
12131,-1,55043,FL,Walton,2010
12133,-1,24896,FL,Washington,2010
13001,-1,18236,GA,Appling,2010
13003,-1,8375,GA,Atkinson,2010
13005,-1,11096,GA,Bacon,2010
13007,-1,3451,GA,Baker,2010
13009,-1,45720,GA,Baldwin,2010
13011,-1,18395,GA,Banks,2010
13013,13,69367,GA,Barrow,2010
13015,22,100157,GA,Bartow,2010
13017,-1,17634,GA,Ben Hill,2010
13019,-1,19286,GA,Berrien,2010
13021,14,155547,GA,Bibb,2010
13023,-1,13063,GA,Bleckley,2010
13025,-1,18411,GA,Brantley,2010
13027,-1,16243,GA,Brooks,2010
13029,-1,30233,GA,Bryan,2010
13031,-1,70217,GA,Bulloch,2010
13033,-1,23316,GA,Burke,2010
13035,-1,23655,GA,Butts,2010
13037,-1,6694,GA,Calhoun,2010
13039,-1,50513,GA,Camden,2010
13043,-1,10998,GA,Candler,2010
13045,19,110527,GA,Carroll,2010
13047,13,63942,GA,Catoosa,2010
13049,-1,12171,GA,Charlton,2010
13051,26,265128,GA,Chatham,2010
13053,-1,11267,GA,Chattahoochee,2010
13055,-1,26015,GA,Chattooga,2010
13057,26,214346,GA,Cherokee,2010
13059,-1,116714,GA,Clarke,2010
13061,-1,3183,GA,Clay,2010
13063,20,259424,GA,Clayton,2010
13065,-1,6798,GA,Clinch,2010
13067,60,688078,GA,Cobb,2010
13069,-1,42356,GA,Coffee,2010
13071,-1,45498,GA,Colquitt,2010
13073,15,124053,GA,Columbia,2010
13075,-1,17212,GA,Cook,2010
13077,-1,127317,GA,Coweta,2010
13079,-1,12630,GA,Crawford,2010
13081,-1,23439,GA,Crisp,2010
13083,-1,16633,GA,Dade,2010
13085,-1,22330,GA,Dawson,2010
13087,-1,27842,GA,Decatur,2010
13089,43,691893,GA,DeKalb,2010
13091,-1,21796,GA,Dodge,2010
13093,-1,14918,GA,Dooly,2010
13095,-1,94565,GA,Dougherty,2010
13097,15,132403,GA,Douglas,2010
13099,-1,11008,GA,Early,2010
13101,-1,4034,GA,Echols,2010
13103,-1,52250,GA,Effingham,2010
13105,-1,20166,GA,Elbert,2010
13107,-1,22598,GA,Emanuel,2010
13109,-1,11000,GA,Evans,2010
13111,11,23682,GA,Fannin,2010
13113,-1,106567,GA,Fayette,2010
13115,21,96317,GA,Floyd,2010
13117,16,175511,GA,Forsyth,2010
13119,-1,22084,GA,Franklin,2010
13121,110,920581,GA,Fulton,2010
13123,-1,28292,GA,Gilmer,2010
13125,-1,3082,GA,Glascock,2010
13127,-1,79626,GA,Glynn,2010
13129,-1,55186,GA,Gordon,2010
13131,-1,25011,GA,Grady,2010
13133,-1,15994,GA,Greene,2010
13135,60,805321,GA,Gwinnett,2010
13137,10,43041,GA,Habersham,2010
13139,24,179684,GA,Hall,2010
13141,-1,9429,GA,Hancock,2010
13143,14,28780,GA,Haralson,2010
13145,-1,32024,GA,Harris,2010
13147,-1,25213,GA,Hart,2010
13149,-1,11834,GA,Heard,2010
13151,28,203922,GA,Henry,2010
13153,16,139900,GA,Houston,2010
13155,-1,9538,GA,Irwin,2010
13157,12,60485,GA,Jackson,2010
13159,-1,13900,GA,Jasper,2010
13161,-1,15068,GA,Jeff Davis,2010
13163,-1,16930,GA,Jefferson,2010
13165,-1,8340,GA,Jenkins,2010
13167,-1,9980,GA,Johnson,2010
13169,-1,28669,GA,Jones,2010
13171,-1,18317,GA,Lamar,2010
13173,-1,10078,GA,Lanier,2010
13175,-1,48434,GA,Laurens,2010
13177,-1,28298,GA,Lee,2010
13179,-1,63453,GA,Liberty,2010
13181,-1,7996,GA,Lincoln,2010
13183,-1,14464,GA,Long,2010
13185,-1,109233,GA,Lowndes,2010
13187,-1,29966,GA,Lumpkin,2010
13189,-1,21875,GA,McDuffie,2010
13191,-1,14333,GA,McIntosh,2010
13193,-1,14740,GA,Macon,2010
13195,-1,28120,GA,Madison,2010
13197,-1,8742,GA,Marion,2010
13199,-1,21992,GA,Meriwether,2010
13201,-1,6125,GA,Miller,2010
13205,-1,23498,GA,Mitchell,2010
13207,-1,26424,GA,Monroe,2010
13209,-1,9123,GA,Montgomery,2010
13211,-1,17868,GA,Morgan,2010
13213,10,39628,GA,Murray,2010
13215,27,189885,GA,Muscogee,2010
13217,-1,99958,GA,Newton,2010
13219,-1,32808,GA,Oconee,2010
13221,-1,14899,GA,Oglethorpe,2010
13223,35,142324,GA,Paulding,2010
13225,-1,27695,GA,Peach,2010
13227,-1,29431,GA,Pickens,2010
13229,-1,18758,GA,Pierce,2010
13231,-1,17869,GA,Pike,2010
13233,11,41475,GA,Polk,2010
13235,-1,12010,GA,Pulaski,2010
13237,-1,21218,GA,Putnam,2010
13239,-1,2513,GA,Quitman,2010
13241,-1,16276,GA,Rabun,2010
13243,-1,7719,GA,Randolph,2010
13245,39,200549,GA,Richmond,2010
13247,-1,85215,GA,Rockdale,2010
13249,-1,5010,GA,Schley,2010
13251,-1,14593,GA,Screven,2010
13253,-1,8729,GA,Seminole,2010
13255,-1,64073,GA,Spalding,2010
13257,-1,26175,GA,Stephens,2010
13259,-1,6058,GA,Stewart,2010
13261,-1,32819,GA,Sumter,2010
13263,-1,6865,GA,Talbot,2010
13265,-1,1717,GA,Taliaferro,2010
13267,-1,25520,GA,Tattnall,2010
13269,-1,8906,GA,Taylor,2010
13271,-1,16500,GA,Telfair,2010
13273,-1,9315,GA,Terrell,2010
13275,-1,44720,GA,Thomas,2010
13277,-1,40118,GA,Tift,2010
13279,-1,27223,GA,Toombs,2010
13281,-1,10471,GA,Towns,2010
13283,-1,6885,GA,Treutlen,2010
13285,-1,67044,GA,Troup,2010
13287,-1,8930,GA,Turner,2010
13289,-1,9023,GA,Twiggs,2010
13291,-1,21356,GA,Union,2010
13293,-1,27153,GA,Upson,2010
13295,10,68756,GA,Walker,2010
13297,11,83768,GA,Walton,2010
13299,-1,36312,GA,Ware,2010
13301,-1,5834,GA,Warren,2010
13303,-1,21187,GA,Washington,2010
13305,-1,30099,GA,Wayne,2010
13307,-1,2799,GA,Webster,2010
13309,-1,7421,GA,Wheeler,2010
13311,-1,27144,GA,White,2010
13313,14,102599,GA,Whitfield,2010
13315,-1,9255,GA,Wilcox,2010
13317,-1,10593,GA,Wilkes,2010
13319,-1,9563,GA,Wilkinson,2010
13321,-1,21679,GA,Worth,2010
15001,19,185079,HI,Hawaii,2010
15003,108,953207,HI,Honolulu,2010
15005,-1,90,HI,Kalawao,2010
15007,-1,67091,HI,Kauai,2010
15009,20,154834,HI,Maui,2010
16001,47,392365,ID,Ada,2010
16003,-1,3976,ID,Adams,2010
16005,13,82839,ID,Bannock,2010
16007,-1,5986,ID,Bear Lake,2010
16009,-1,9285,ID,Benewah,2010
16011,-1,45607,ID,Bingham,2010
16013,-1,21376,ID,Blaine,2010
16015,-1,7028,ID,Boise,2010
16017,-1,40877,ID,Bonner,2010
16019,19,104234,ID,Bonneville,2010
16021,-1,10972,ID,Boundary,2010
16023,-1,2891,ID,Butte,2010
16025,-1,1117,ID,Camas,2010
16027,20,188923,ID,Canyon,2010
16029,-1,6963,ID,Caribou,2010
16031,-1,22952,ID,Cassia,2010
16033,-1,982,ID,Clark,2010
16035,-1,8761,ID,Clearwater,2010
16037,-1,4368,ID,Custer,2010
16039,-1,27038,ID,Elmore,2010
16041,-1,12786,ID,Franklin,2010
16043,-1,13242,ID,Fremont,2010
16045,-1,16719,ID,Gem,2010
16047,-1,15464,ID,Gooding,2010
16049,-1,16267,ID,Idaho,2010
16051,-1,26140,ID,Jefferson,2010
16053,-1,22374,ID,Jerome,2010
16055,13,138494,ID,Kootenai,2010
16057,-1,37244,ID,Latah,2010
16059,-1,7936,ID,Lemhi,2010
16061,-1,3821,ID,Lewis,2010
16063,-1,5208,ID,Lincoln,2010
16065,-1,37536,ID,Madison,2010
16067,-1,20069,ID,Minidoka,2010
16069,-1,39265,ID,Nez Perce,2010
16071,-1,4286,ID,Oneida,2010
16073,-1,11526,ID,Owyhee,2010
16075,-1,22623,ID,Payette,2010
16077,-1,7817,ID,Power,2010
16079,-1,12765,ID,Shoshone,2010
16081,-1,10170,ID,Teton,2010
16083,15,77230,ID,Twin Falls,2010
16085,-1,9862,ID,Valley,2010
16087,-1,10198,ID,Washington,2010
17001,-1,67103,IL,Adams,2010
17003,-1,8238,IL,Alexander,2010
17005,-1,17768,IL,Bond,2010
17007,-1,54165,IL,Boone,2010
17009,-1,6937,IL,Brown,2010
17011,-1,34978,IL,Bureau,2010
17013,-1,5089,IL,Calhoun,2010
17015,-1,15387,IL,Carroll,2010
17017,-1,13642,IL,Cass,2010
17019,14,201081,IL,Champaign,2010
17021,-1,34800,IL,Christian,2010
17023,-1,16335,IL,Clark,2010
17025,-1,13815,IL,Clay,2010
17027,-1,37762,IL,Clinton,2010
17029,-1,53873,IL,Coles,2010
17031,488,5194675,IL,Cook,2010
17033,-1,19817,IL,Crawford,2010
17035,-1,11048,IL,Cumberland,2010
17037,-1,105160,IL,DeKalb,2010
17039,-1,16561,IL,De Witt,2010
17041,-1,19980,IL,Douglas,2010
17043,75,916924,IL,DuPage,2010
17045,-1,18576,IL,Edgar,2010
17047,-1,6721,IL,Edwards,2010
17049,-1,34242,IL,Effingham,2010
17051,-1,22140,IL,Fayette,2010
17053,-1,14081,IL,Ford,2010
17055,10,39561,IL,Franklin,2010
17057,-1,37069,IL,Fulton,2010
17059,-1,5589,IL,Gallatin,2010
17061,-1,13886,IL,Greene,2010
17063,-1,50063,IL,Grundy,2010
17065,-1,8457,IL,Hamilton,2010
17067,-1,19104,IL,Hancock,2010
17069,-1,4320,IL,Hardin,2010
17071,-1,7331,IL,Henderson,2010
17073,-1,50486,IL,Henry,2010
17075,-1,29718,IL,Iroquois,2010
17077,-1,60218,IL,Jackson,2010
17079,-1,9698,IL,Jasper,2010
17081,-1,38827,IL,Jefferson,2010
17083,-1,22985,IL,Jersey,2010
17085,-1,22678,IL,Jo Daviess,2010
17087,-1,12582,IL,Johnson,2010
17089,32,515269,IL,Kane,2010
17091,13,113449,IL,Kankakee,2010
17093,-1,114736,IL,Kendall,2010
17095,-1,52919,IL,Knox,2010
17097,95,703462,IL,Lake,2010
17099,29,113924,IL,LaSalle,2010
17101,-1,16833,IL,Lawrence,2010
17103,-1,36031,IL,Lee,2010
17105,-1,38950,IL,Livingston,2010
17107,-1,30305,IL,Logan,2010
17109,-1,32612,IL,McDonough,2010
17111,40,308760,IL,McHenry,2010
17113,20,169572,IL,McLean,2010
17115,-1,110768,IL,Macon,2010
17117,-1,47765,IL,Macoupin,2010
17119,63,269282,IL,Madison,2010
17121,14,39437,IL,Marion,2010
17123,-1,12640,IL,Marshall,2010
17125,-1,14666,IL,Mason,2010
17127,-1,15429,IL,Massac,2010
17129,-1,12705,IL,Menard,2010
17131,-1,16434,IL,Mercer,2010
17133,-1,32957,IL,Monroe,2010
17135,-1,30104,IL,Montgomery,2010
17137,-1,35547,IL,Morgan,2010
17139,-1,14846,IL,Moultrie,2010
17141,-1,53497,IL,Ogle,2010
17143,21,186494,IL,Peoria,2010
17145,-1,22350,IL,Perry,2010
17147,-1,16729,IL,Piatt,2010
17149,-1,16430,IL,Pike,2010
17151,-1,4470,IL,Pope,2010
17153,-1,6161,IL,Pulaski,2010
17155,-1,6006,IL,Putnam,2010
17157,-1,33476,IL,Randolph,2010
17159,-1,16233,IL,Richland,2010
17161,10,147546,IL,Rock Island,2010
17163,28,270056,IL,St. Clair,2010
17165,-1,24913,IL,Saline,2010
17167,12,197465,IL,Sangamon,2010
17169,-1,7544,IL,Schuyler,2010
17171,-1,5355,IL,Scott,2010
17173,-1,22363,IL,Shelby,2010
17175,-1,5994,IL,Stark,2010
17177,10,47711,IL,Stephenson,2010
17179,14,135394,IL,Tazewell,2010
17181,-1,17808,IL,Union,2010
17183,12,81625,IL,Vermilion,2010
17185,-1,11947,IL,Wabash,2010
17187,-1,17707,IL,Warren,2010
17189,-1,14716,IL,Washington,2010
17191,-1,16760,IL,Wayne,2010
17193,-1,14665,IL,White,2010
17195,-1,58498,IL,Whiteside,2010
17197,63,677560,IL,Will,2010
17199,16,66357,IL,Williamson,2010
17201,58,295266,IL,Winnebago,2010
17203,-1,38664,IL,Woodford,2010
18001,-1,34387,IN,Adams,2010
18003,44,355329,IN,Allen,2010
18005,15,76794,IN,Bartholomew,2010
18007,-1,8854,IN,Benton,2010
18009,-1,12766,IN,Blackford,2010
18011,-1,56640,IN,Boone,2010
18013,-1,15242,IN,Brown,2010
18015,-1,20155,IN,Carroll,2010
18017,-1,38966,IN,Cass,2010
18019,20,110232,IN,Clark,2010
18021,-1,26890,IN,Clay,2010
18023,-1,33224,IN,Clinton,2010
18025,-1,10713,IN,Crawford,2010
18027,-1,31648,IN,Daviess,2010
18029,11,50047,IN,Dearborn,2010
18031,-1,25740,IN,Decatur,2010
18033,-1,42223,IN,De Kalb,2010
18035,13,117671,IN,Delaware,2010
18037,-1,41889,IN,Dubois,2010
18039,14,197559,IN,Elkhart,2010
18041,-1,24277,IN,Fayette,2010
18043,14,74578,IN,Floyd,2010
18045,-1,17240,IN,Fountain,2010
18047,-1,23087,IN,Franklin,2010
18049,-1,20836,IN,Fulton,2010
18051,-1,33503,IN,Gibson,2010
18053,14,70061,IN,Grant,2010
18055,10,33165,IN,Greene,2010
18057,27,274569,IN,Hamilton,2010
18059,10,70002,IN,Hancock,2010
18061,-1,39364,IN,Harrison,2010
18063,15,145448,IN,Hendricks,2010
18065,15,49462,IN,Henry,2010
18067,27,82752,IN,Howard,2010
18069,-1,37124,IN,Huntington,2010
18071,10,42376,IN,Jackson,2010
18073,-1,33478,IN,Jasper,2010
18075,-1,21253,IN,Jay,2010
18077,-1,32428,IN,Jefferson,2010
18079,-1,28525,IN,Jennings,2010
18081,21,139654,IN,Johnson,2010
18083,-1,38440,IN,Knox,2010
18085,-1,77358,IN,Kosciusko,2010
18087,-1,37128,IN,Lagrange,2010
18089,18,496005,IN,Lake,2010
18091,13,111467,IN,La Porte,2010
18093,-1,46134,IN,Lawrence,2010
18095,42,131636,IN,Madison,2010
18097,151,903393,IN,Marion,2010
18099,-1,47051,IN,Marshall,2010
18101,-1,10334,IN,Martin,2010
18103,-1,36903,IN,Miami,2010
18105,25,137974,IN,Monroe,2010
18107,-1,38124,IN,Montgomery,2010
18109,16,68894,IN,Morgan,2010
18111,-1,14244,IN,Newton,2010
18113,-1,47536,IN,Noble,2010
18115,-1,6128,IN,Ohio,2010
18117,-1,19840,IN,Orange,2010
18119,-1,21575,IN,Owen,2010
18121,-1,17339,IN,Parke,2010
18123,-1,19338,IN,Perry,2010
18125,-1,12845,IN,Pike,2010
18127,33,164343,IN,Porter,2010
18129,-1,25910,IN,Posey,2010
18131,-1,13402,IN,Pulaski,2010
18133,-1,37963,IN,Putnam,2010
18135,-1,26171,IN,Randolph,2010
18137,-1,28818,IN,Ripley,2010
18139,-1,17392,IN,Rush,2010
18141,29,266931,IN,St. Joseph,2010
18143,-1,24181,IN,Scott,2010
18145,-1,44436,IN,Shelby,2010
18147,-1,20952,IN,Spencer,2010
18149,-1,23363,IN,Starke,2010
18151,-1,34185,IN,Steuben,2010
18153,-1,21475,IN,Sullivan,2010
18155,-1,10613,IN,Switzerland,2010
18157,12,172780,IN,Tippecanoe,2010
18159,-1,15936,IN,Tipton,2010
18161,-1,7516,IN,Union,2010
18163,51,179703,IN,Vanderburgh,2010
18165,-1,16212,IN,Vermillion,2010
18167,18,107848,IN,Vigo,2010
18169,10,32888,IN,Wabash,2010
18171,-1,8508,IN,Warren,2010
18173,-1,59689,IN,Warrick,2010
18175,-1,28262,IN,Washington,2010
18177,14,68917,IN,Wayne,2010
18179,-1,27636,IN,Wells,2010
18181,-1,24643,IN,White,2010
18183,-1,33292,IN,Whitley,2010
19001,-1,7682,IA,Adair,2010
19003,-1,4029,IA,Adams,2010
19005,-1,14330,IA,Allamakee,2010
19007,-1,12887,IA,Appanoose,2010
19009,-1,6119,IA,Audubon,2010
19011,-1,26076,IA,Benton,2010
19013,11,131090,IA,Black Hawk,2010
19015,-1,26306,IA,Boone,2010
19017,-1,24276,IA,Bremer,2010
19019,-1,20958,IA,Buchanan,2010
19021,-1,20260,IA,Buena Vista,2010
19023,-1,14867,IA,Butler,2010
19025,-1,9670,IA,Calhoun,2010
19027,-1,20816,IA,Carroll,2010
19029,-1,13956,IA,Cass,2010
19031,-1,18499,IA,Cedar,2010
19033,-1,44151,IA,Cerro Gordo,2010
19035,-1,12072,IA,Cherokee,2010
19037,-1,12439,IA,Chickasaw,2010
19039,-1,9286,IA,Clarke,2010
19041,-1,16667,IA,Clay,2010
19043,-1,18129,IA,Clayton,2010
19045,-1,49116,IA,Clinton,2010
19047,-1,17096,IA,Crawford,2010
19049,-1,66135,IA,Dallas,2010
19051,-1,8753,IA,Davis,2010
19053,-1,8457,IA,Decatur,2010
19055,-1,17764,IA,Delaware,2010
19057,-1,40325,IA,Des Moines,2010
19059,-1,16667,IA,Dickinson,2010
19061,-1,93653,IA,Dubuque,2010
19063,-1,10302,IA,Emmet,2010
19065,-1,20880,IA,Fayette,2010
19067,-1,16303,IA,Floyd,2010
19069,-1,10680,IA,Franklin,2010
19071,-1,7441,IA,Fremont,2010
19073,-1,9336,IA,Greene,2010
19075,-1,12453,IA,Grundy,2010
19077,-1,10954,IA,Guthrie,2010
19079,-1,15673,IA,Hamilton,2010
19081,-1,11341,IA,Hancock,2010
19083,-1,17534,IA,Hardin,2010
19085,-1,14928,IA,Harrison,2010
19087,-1,20145,IA,Henry,2010
19089,-1,9566,IA,Howard,2010
19091,-1,9815,IA,Humboldt,2010
19093,-1,7089,IA,Ida,2010
19095,-1,16355,IA,Iowa,2010
19097,-1,19848,IA,Jackson,2010
19099,-1,36842,IA,Jasper,2010
19101,-1,16843,IA,Jefferson,2010
19103,-1,130882,IA,Johnson,2010
19105,-1,20638,IA,Jones,2010
19107,-1,10511,IA,Keokuk,2010
19109,-1,15543,IA,Kossuth,2010
19111,-1,35862,IA,Lee,2010
19113,20,211226,IA,Linn,2010
19115,-1,11387,IA,Louisa,2010
19117,-1,8898,IA,Lucas,2010
19119,-1,11581,IA,Lyon,2010
19121,-1,15679,IA,Madison,2010
19123,-1,22381,IA,Mahaska,2010
19125,-1,33309,IA,Marion,2010
19127,-1,40648,IA,Marshall,2010
19129,-1,15059,IA,Mills,2010
19131,-1,10776,IA,Mitchell,2010
19133,-1,9243,IA,Monona,2010
19135,-1,7970,IA,Monroe,2010
19137,-1,10740,IA,Montgomery,2010
19139,-1,42745,IA,Muscatine,2010
19141,-1,14398,IA,O'Brien,2010
19143,-1,6462,IA,Osceola,2010
19145,-1,15932,IA,Page,2010
19147,-1,9421,IA,Palo Alto,2010
19149,-1,24986,IA,Plymouth,2010
19151,-1,7310,IA,Pocahontas,2010
19153,49,430640,IA,Polk,2010
19155,-1,93158,IA,Pottawattamie,2010
19157,-1,18914,IA,Poweshiek,2010
19159,-1,5131,IA,Ringgold,2010
19161,-1,10350,IA,Sac,2010
19163,17,165224,IA,Scott,2010
19165,-1,12167,IA,Shelby,2010
19167,-1,33704,IA,Sioux,2010
19169,-1,89542,IA,Story,2010
19171,-1,17767,IA,Tama,2010
19173,-1,6317,IA,Taylor,2010
19175,-1,12534,IA,Union,2010
19177,-1,7570,IA,Van Buren,2010
19179,-1,35625,IA,Wapello,2010
19181,-1,46225,IA,Warren,2010
19183,-1,21704,IA,Washington,2010
19185,-1,6403,IA,Wayne,2010
19187,10,38013,IA,Webster,2010
19189,-1,10866,IA,Winnebago,2010
19191,-1,21056,IA,Winneshiek,2010
19193,-1,102172,IA,Woodbury,2010
19195,-1,7598,IA,Worth,2010
19197,-1,13229,IA,Wright,2010
20001,-1,13371,KS,Allen,2010
20003,-1,8102,KS,Anderson,2010
20005,-1,16924,KS,Atchison,2010
20007,-1,4861,KS,Barber,2010
20009,-1,27674,KS,Barton,2010
20011,-1,15173,KS,Bourbon,2010
20013,-1,9984,KS,Brown,2010
20015,14,65880,KS,Butler,2010
20017,-1,2790,KS,Chase,2010
20019,-1,3669,KS,Chautauqua,2010
20021,-1,21603,KS,Cherokee,2010
20023,-1,2726,KS,Cheyenne,2010
20025,-1,2215,KS,Clark,2010
20027,-1,8535,KS,Clay,2010
20029,-1,9533,KS,Cloud,2010
20031,-1,8601,KS,Coffey,2010
20033,-1,1891,KS,Comanche,2010
20035,-1,36311,KS,Cowley,2010
20037,-1,39134,KS,Crawford,2010
20039,-1,2961,KS,Decatur,2010
20041,-1,19754,KS,Dickinson,2010
20043,-1,7945,KS,Doniphan,2010
20045,10,110826,KS,Douglas,2010
20047,-1,3037,KS,Edwards,2010
20049,-1,2882,KS,Elk,2010
20051,-1,28452,KS,Ellis,2010
20053,-1,6497,KS,Ellsworth,2010
20055,-1,36776,KS,Finney,2010
20057,-1,33848,KS,Ford,2010
20059,-1,25992,KS,Franklin,2010
20061,-1,34362,KS,Geary,2010
20063,-1,2695,KS,Gove,2010
20065,-1,2597,KS,Graham,2010
20067,-1,7829,KS,Grant,2010
20069,-1,6006,KS,Gray,2010
20071,-1,1247,KS,Greeley,2010
20073,-1,6689,KS,Greenwood,2010
20075,-1,2690,KS,Hamilton,2010
20077,-1,6034,KS,Harper,2010
20079,-1,34684,KS,Harvey,2010
20081,-1,4256,KS,Haskell,2010
20083,-1,1916,KS,Hodgeman,2010
20085,-1,13462,KS,Jackson,2010
20087,-1,19126,KS,Jefferson,2010
20089,-1,3077,KS,Jewell,2010
20091,38,544179,KS,Johnson,2010
20093,-1,3977,KS,Kearny,2010
20095,-1,7858,KS,Kingman,2010
20097,-1,2553,KS,Kiowa,2010
20099,-1,21607,KS,Labette,2010
20101,-1,1750,KS,Lane,2010
20103,-1,76227,KS,Leavenworth,2010
20105,-1,3241,KS,Lincoln,2010
20107,-1,9656,KS,Linn,2010
20109,-1,2756,KS,Logan,2010
20111,-1,33690,KS,Lyon,2010
20113,-1,29180,KS,McPherson,2010
20115,-1,12660,KS,Marion,2010
20117,-1,10117,KS,Marshall,2010
20119,-1,4575,KS,Meade,2010
20121,-1,32787,KS,Miami,2010
20123,-1,6373,KS,Mitchell,2010
20125,-1,35471,KS,Montgomery,2010
20127,-1,5923,KS,Morris,2010
20129,-1,3233,KS,Morton,2010
20131,-1,10178,KS,Nemaha,2010
20133,-1,16512,KS,Neosho,2010
20135,-1,3107,KS,Ness,2010
20137,-1,5671,KS,Norton,2010
20139,-1,16295,KS,Osage,2010
20141,-1,3858,KS,Osborne,2010
20143,-1,6091,KS,Ottawa,2010
20145,-1,6973,KS,Pawnee,2010
20147,-1,5642,KS,Phillips,2010
20149,-1,21604,KS,Pottawatomie,2010
20151,-1,9656,KS,Pratt,2010
20153,-1,2519,KS,Rawlins,2010
20155,-1,64511,KS,Reno,2010
20157,-1,4980,KS,Republic,2010
20159,-1,10083,KS,Rice,2010
20161,-1,71115,KS,Riley,2010
20163,-1,5181,KS,Rooks,2010
20165,-1,3307,KS,Rush,2010
20167,-1,6970,KS,Russell,2010
20169,-1,55606,KS,Saline,2010
20171,-1,4936,KS,Scott,2010
20173,55,498365,KS,Sedgwick,2010
20175,-1,22952,KS,Seward,2010
20177,26,177934,KS,Shawnee,2010
20179,-1,2556,KS,Sheridan,2010
20181,-1,6010,KS,Sherman,2010
20183,-1,3853,KS,Smith,2010
20185,-1,4437,KS,Stafford,2010
20187,-1,2235,KS,Stanton,2010
20189,-1,5724,KS,Stevens,2010
20191,-1,24132,KS,Sumner,2010
20193,-1,7900,KS,Thomas,2010
20195,-1,3001,KS,Trego,2010
20197,-1,7053,KS,Wabaunsee,2010
20199,-1,1485,KS,Wallace,2010
20201,-1,5799,KS,Washington,2010
20203,-1,2234,KS,Wichita,2010
20205,-1,9409,KS,Wilson,2010
20207,-1,3309,KS,Woodson,2010
20209,23,157505,KS,Wyandotte,2010
21001,-1,18656,KY,Adair,2010
21003,-1,19956,KY,Allen,2010
21005,-1,21421,KY,Anderson,2010
21007,-1,8249,KY,Ballard,2010
21009,-1,42173,KY,Barren,2010
21011,-1,11591,KY,Bath,2010
21013,26,28691,KY,Bell,2010
21015,31,118811,KY,Boone,2010
21017,-1,19985,KY,Bourbon,2010
21019,22,49542,KY,Boyd,2010
21021,-1,28432,KY,Boyle,2010
21023,-1,8488,KY,Bracken,2010
21025,12,13878,KY,Breathitt,2010
21027,-1,20059,KY,Breckinridge,2010
21029,11,74319,KY,Bullitt,2010
21031,-1,12690,KY,Butler,2010
21033,-1,12984,KY,Caldwell,2010
21035,-1,37191,KY,Calloway,2010
21037,28,90336,KY,Campbell,2010
21039,-1,5104,KY,Carlisle,2010
21041,-1,10811,KY,Carroll,2010
21043,16,27720,KY,Carter,2010
21045,-1,15955,KY,Casey,2010
21047,-1,73955,KY,Christian,2010
21049,10,35613,KY,Clark,2010
21051,16,21730,KY,Clay,2010
21053,-1,10272,KY,Clinton,2010
21055,-1,9315,KY,Crittenden,2010
21057,-1,6856,KY,Cumberland,2010
21059,16,96656,KY,Daviess,2010
21061,-1,12161,KY,Edmonson,2010
21063,-1,7852,KY,Elliott,2010
21065,-1,14672,KY,Estill,2010
21067,54,295803,KY,Fayette,2010
21069,-1,14348,KY,Fleming,2010
21071,39,39451,KY,Floyd,2010
21073,-1,49285,KY,Franklin,2010
21075,-1,6813,KY,Fulton,2010
21077,-1,8589,KY,Gallatin,2010
21079,-1,16912,KY,Garrard,2010
21081,-1,24662,KY,Grant,2010
21083,-1,37121,KY,Graves,2010
21085,-1,25746,KY,Grayson,2010
21087,-1,11258,KY,Green,2010
21089,13,36910,KY,Greenup,2010
21091,-1,8565,KY,Hancock,2010
21093,17,105543,KY,Hardin,2010
21095,14,29278,KY,Harlan,2010
21097,-1,18846,KY,Harrison,2010
21099,-1,18199,KY,Hart,2010
21101,-1,46250,KY,Henderson,2010
21103,-1,15416,KY,Henry,2010
21105,-1,4902,KY,Hickman,2010
21107,-1,46920,KY,Hopkins,2010
21109,-1,13494,KY,Jackson,2010
21111,113,741096,KY,Jefferson,2010
21113,-1,48586,KY,Jessamine,2010
21115,21,23356,KY,Johnson,2010
21117,67,159720,KY,Kenton,2010
21119,11,16346,KY,Knott,2010
21121,10,31883,KY,Knox,2010
21123,-1,14193,KY,Larue,2010
21125,12,58849,KY,Laurel,2010
21127,-1,15860,KY,Lawrence,2010
21129,-1,7887,KY,Lee,2010
21131,-1,11310,KY,Leslie,2010
21133,16,24519,KY,Letcher,2010
21135,-1,13870,KY,Lewis,2010
21137,-1,24742,KY,Lincoln,2010
21139,-1,9519,KY,Livingston,2010
21141,-1,26835,KY,Logan,2010
21143,-1,8314,KY,Lyon,2010
21145,13,65565,KY,McCracken,2010
21147,-1,18306,KY,McCreary,2010
21149,-1,9531,KY,McLean,2010
21151,22,82916,KY,Madison,2010
21153,-1,13333,KY,Magoffin,2010
21155,-1,19820,KY,Marion,2010
21157,-1,31448,KY,Marshall,2010
21159,-1,12929,KY,Martin,2010
21161,-1,17490,KY,Mason,2010
21163,-1,28602,KY,Meade,2010
21165,-1,6306,KY,Menifee,2010
21167,-1,21331,KY,Mercer,2010
21169,-1,10099,KY,Metcalfe,2010
21171,-1,10963,KY,Monroe,2010
21173,-1,26499,KY,Montgomery,2010
21175,-1,13923,KY,Morgan,2010
21177,-1,31499,KY,Muhlenberg,2010
21179,-1,43437,KY,Nelson,2010
21181,-1,7135,KY,Nicholas,2010
21183,-1,23842,KY,Ohio,2010
21185,-1,60316,KY,Oldham,2010
21187,-1,10841,KY,Owen,2010
21189,-1,4755,KY,Owsley,2010
21191,-1,14877,KY,Pendleton,2010
21193,-1,28712,KY,Perry,2010
21195,36,65024,KY,Pike,2010
21197,16,12613,KY,Powell,2010
21199,-1,63063,KY,Pulaski,2010
21201,-1,2282,KY,Robertson,2010
21203,-1,17056,KY,Rockcastle,2010
21205,-1,23333,KY,Rowan,2010
21207,-1,17565,KY,Russell,2010
21209,-1,47173,KY,Scott,2010
21211,-1,42074,KY,Shelby,2010
21213,-1,17327,KY,Simpson,2010
21215,-1,17061,KY,Spencer,2010
21217,-1,24512,KY,Taylor,2010
21219,-1,12460,KY,Todd,2010
21221,-1,14339,KY,Trigg,2010
21223,-1,8809,KY,Trimble,2010
21225,-1,15007,KY,Union,2010
21227,11,113792,KY,Warren,2010
21229,-1,11717,KY,Washington,2010
21231,-1,20813,KY,Wayne,2010
21233,-1,13621,KY,Webster,2010
21235,19,35637,KY,Whitley,2010
21237,-1,7355,KY,Wolfe,2010
21239,-1,24939,KY,Woodford,2010
22001,21,61773,LA,Acadia,2010
22003,-1,25764,LA,Allen,2010
22005,-1,107215,LA,Ascension,2010
22007,-1,23421,LA,Assumption,2010
22009,-1,42073,LA,Avoyelles,2010
22011,-1,35654,LA,Beauregard,2010
22013,-1,14353,LA,Bienville,2010
22015,12,116979,LA,Bossier,2010
22017,22,254969,LA,Caddo,2010
22019,26,192768,LA,Calcasieu,2010
22021,-1,10132,LA,Caldwell,2010
22023,-1,6839,LA,Cameron,2010
22025,-1,10407,LA,Catahoula,2010
22027,-1,17195,LA,Claiborne,2010
22029,-1,20822,LA,Concordia,2010
22031,-1,26656,LA,De Soto,2010
22033,37,440171,LA,East Baton Rouge,2010
22035,-1,7759,LA,East Carroll,2010
22037,-1,20267,LA,East Feliciana,2010
22039,-1,33984,LA,Evangeline,2010
22041,-1,20767,LA,Franklin,2010
22043,-1,22309,LA,Grant,2010
22045,-1,73240,LA,Iberia,2010
22047,-1,33387,LA,Iberville,2010
22049,-1,16274,LA,Jackson,2010
22051,64,432552,LA,Jefferson,2010
22053,10,31594,LA,Jefferson Davis,2010
22055,32,221578,LA,Lafayette,2010
22057,23,96318,LA,Lafourche,2010
22059,-1,14890,LA,LaSalle,2010
22061,-1,46735,LA,Lincoln,2010
22063,36,128026,LA,Livingston,2010
22065,-1,12093,LA,Madison,2010
22067,-1,27979,LA,Morehouse,2010
22069,-1,39566,LA,Natchitoches,2010
22071,19,343829,LA,Orleans,2010
22073,13,153720,LA,Ouachita,2010
22075,-1,23042,LA,Plaquemines,2010
22077,-1,22802,LA,Pointe Coupee,2010
22079,18,131613,LA,Rapides,2010
22081,-1,9091,LA,Red River,2010
22083,-1,20725,LA,Richland,2010
22085,-1,24233,LA,Sabine,2010
22087,11,35897,LA,St. Bernard,2010
22089,-1,52780,LA,St. Charles,2010
22091,-1,11203,LA,St. Helena,2010
22093,-1,22102,LA,St. James,2010
22095,10,45924,LA,St. John the Baptist,2010
22097,10,83384,LA,St. Landry,2010
22099,-1,52160,LA,St. Martin,2010
22101,-1,54650,LA,St. Mary,2010
22103,47,233740,LA,St. Tammany,2010
22105,30,121097,LA,Tangipahoa,2010
22107,-1,5252,LA,Tensas,2010
22109,23,111860,LA,Terrebonne,2010
22111,-1,22721,LA,Union,2010
22113,-1,57999,LA,Vermilion,2010
22115,-1,52334,LA,Vernon,2010
22117,-1,47168,LA,Washington,2010
22119,-1,41207,LA,Webster,2010
22121,-1,23788,LA,West Baton Rouge,2010
22123,-1,11604,LA,West Carroll,2010
22125,-1,15625,LA,West Feliciana,2010
22127,-1,15313,LA,Winn,2010
23001,15,107702,ME,Androscoggin,2010
23003,-1,71870,ME,Aroostook,2010
23005,28,281674,ME,Cumberland,2010
23007,-1,30768,ME,Franklin,2010
23009,-1,54418,ME,Hancock,2010
23011,15,122151,ME,Kennebec,2010
23013,-1,39736,ME,Knox,2010
23015,-1,34457,ME,Lincoln,2010
23017,-1,57833,ME,Oxford,2010
23019,15,153923,ME,Penobscot,2010
23021,-1,17535,ME,Piscataquis,2010
23023,-1,35293,ME,Sagadahoc,2010
23025,-1,52228,ME,Somerset,2010
23027,-1,38786,ME,Waldo,2010
23029,-1,32856,ME,Washington,2010
23031,21,197131,ME,York,2010
24001,12,75087,MD,Allegany,2010
24003,66,537656,MD,Anne Arundel,2010
24005,129,805029,MD,Baltimore,2010
24009,11,88737,MD,Calvert,2010
24011,-1,33066,MD,Caroline,2010
24013,15,167134,MD,Carroll,2010
24015,28,101108,MD,Cecil,2010
24017,13,146551,MD,Charles,2010
24019,-1,32618,MD,Dorchester,2010
24021,16,233385,MD,Frederick,2010
24023,-1,30097,MD,Garrett,2010
24025,39,244826,MD,Harford,2010
24027,14,287085,MD,Howard,2010
24029,-1,20197,MD,Kent,2010
24031,32,971777,MD,Montgomery,2010
24033,51,863420,MD,Prince George's,2010
24035,-1,47798,MD,Queen Anne's,2010
24037,15,105151,MD,St. Mary's,2010
24039,-1,26470,MD,Somerset,2010
24041,-1,37782,MD,Talbot,2010
24043,18,147430,MD,Washington,2010
24045,10,98733,MD,Wicomico,2010
24047,-1,51454,MD,Worcester,2010
24510,145,620961,MD,Baltimo,2010
25001,28,215888,MA,Barnstable,2010
25003,10,131219,MA,Berkshire,2010
25005,108,548285,MA,Bristol,2010
25007,-1,16535,MA,Dukes,2010
25009,68,743159,MA,Essex,2010
25011,-1,71372,MA,Franklin,2010
25013,61,463490,MA,Hampden,2010
25015,16,158080,MA,Hampshire,2010
25017,127,1503085,MA,Middlesex,2010
25019,-1,10172,MA,Nantucket,2010
25021,79,670850,MA,Norfolk,2010
25023,52,494919,MA,Plymouth,2010
25025,83,722023,MA,Suffolk,2010
25027,98,798552,MA,Worcester,2010
26001,-1,10942,MI,Alcona,2010
26003,-1,9601,MI,Alger,2010
26005,12,111408,MI,Allegan,2010
26007,-1,29598,MI,Alpena,2010
26009,-1,23580,MI,Antrim,2010
26011,-1,15899,MI,Arenac,2010
26013,-1,8860,MI,Baraga,2010
26015,-1,59173,MI,Barry,2010
26017,15,107771,MI,Bay,2010
26019,-1,17525,MI,Benzie,2010
26021,21,156813,MI,Berrien,2010
26023,-1,45248,MI,Branch,2010
26025,33,136146,MI,Calhoun,2010
26027,-1,52293,MI,Cass,2010
26029,-1,25949,MI,Charlevoix,2010
26031,-1,26152,MI,Cheboygan,2010
26033,-1,38520,MI,Chippewa,2010
26035,-1,30926,MI,Clare,2010
26037,-1,75382,MI,Clinton,2010
26039,-1,14074,MI,Crawford,2010
26041,-1,37069,MI,Delta,2010
26043,-1,26168,MI,Dickinson,2010
26045,13,107759,MI,Eaton,2010
26047,-1,32694,MI,Emmet,2010
26049,110,425790,MI,Genesee,2010
26051,-1,25692,MI,Gladwin,2010
26053,-1,16427,MI,Gogebic,2010
26055,12,86986,MI,Grand Traverse,2010
26057,-1,42476,MI,Gratiot,2010
26059,-1,46688,MI,Hillsdale,2010
26061,-1,36628,MI,Houghton,2010
26063,-1,33118,MI,Huron,2010
26065,35,280895,MI,Ingham,2010
26067,10,63905,MI,Ionia,2010
26069,-1,25887,MI,Iosco,2010
26071,-1,11817,MI,Iron,2010
26073,-1,70311,MI,Isabella,2010
26075,10,160248,MI,Jackson,2010
26077,24,250331,MI,Kalamazoo,2010
26079,-1,17153,MI,Kalkaska,2010
26081,57,602622,MI,Kent,2010
26083,-1,2156,MI,Keweenaw,2010
26085,-1,11539,MI,Lake,2010
26087,19,88319,MI,Lapeer,2010
26089,-1,21708,MI,Leelanau,2010
26091,10,99892,MI,Lenawee,2010
26093,19,180967,MI,Livingston,2010
26095,-1,6631,MI,Luce,2010
26097,-1,11113,MI,Mackinac,2010
26099,203,840978,MI,Macomb,2010
26101,-1,24733,MI,Manistee,2010
26103,-1,67077,MI,Marquette,2010
26105,-1,28705,MI,Mason,2010
26107,-1,42798,MI,Mecosta,2010
26109,-1,24029,MI,Menominee,2010
26111,-1,83629,MI,Midland,2010
26113,-1,14849,MI,Missaukee,2010
26115,21,152021,MI,Monroe,2010
26117,-1,63342,MI,Montcalm,2010
26119,-1,9765,MI,Montmorency,2010
26121,39,172188,MI,Muskegon,2010
26123,10,48460,MI,Newaygo,2010
26125,85,1202362,MI,Oakland,2010
26127,-1,26570,MI,Oceana,2010
26129,-1,21699,MI,Ogemaw,2010
26131,-1,6780,MI,Ontonagon,2010
26133,-1,23528,MI,Osceola,2010
26135,-1,8640,MI,Oscoda,2010
26137,-1,24164,MI,Otsego,2010
26139,22,263801,MI,Ottawa,2010
26141,-1,13376,MI,Presque Isle,2010
26143,-1,24449,MI,Roscommon,2010
26145,24,200169,MI,Saginaw,2010
26147,46,163040,MI,St. Clair,2010
26149,-1,61295,MI,St. Joseph,2010
26151,-1,43114,MI,Sanilac,2010
26153,-1,8485,MI,Schoolcraft,2010
26155,19,70648,MI,Shiawassee,2010
26157,-1,55729,MI,Tuscola,2010
26159,18,76258,MI,Van Buren,2010
26161,44,344791,MI,Washtenaw,2010
26163,272,1820584,MI,Wayne,2010
26165,-1,32735,MI,Wexford,2010
27001,-1,16202,MN,Aitkin,2010
27003,36,330844,MN,Anoka,2010
27005,-1,32504,MN,Becker,2010
27007,-1,44442,MN,Beltrami,2010
27009,-1,38451,MN,Benton,2010
27011,-1,5269,MN,Big Stone,2010
27013,-1,64013,MN,Blue Earth,2010
27015,-1,25893,MN,Brown,2010
27017,-1,35386,MN,Carlton,2010
27019,-1,91042,MN,Carver,2010
27021,-1,28567,MN,Cass,2010
27023,-1,12441,MN,Chippewa,2010
27025,-1,53887,MN,Chisago,2010
27027,-1,58999,MN,Clay,2010
27029,-1,8695,MN,Clearwater,2010
27031,-1,5176,MN,Cook,2010
27033,-1,11687,MN,Cottonwood,2010
27035,-1,62500,MN,Crow Wing,2010
27037,33,398552,MN,Dakota,2010
27039,-1,20087,MN,Dodge,2010
27041,-1,36009,MN,Douglas,2010
27043,-1,14553,MN,Faribault,2010
27045,-1,20866,MN,Fillmore,2010
27047,-1,31255,MN,Freeborn,2010
27049,-1,46183,MN,Goodhue,2010
27051,-1,6018,MN,Grant,2010
27053,110,1152425,MN,Hennepin,2010
27055,-1,19027,MN,Houston,2010
27057,-1,20428,MN,Hubbard,2010
27059,-1,37816,MN,Isanti,2010
27061,-1,45058,MN,Itasca,2010
27063,-1,10266,MN,Jackson,2010
27065,-1,16239,MN,Kanabec,2010
27067,-1,42239,MN,Kandiyohi,2010
27069,-1,4552,MN,Kittson,2010
27071,-1,13311,MN,Koochiching,2010
27073,-1,7259,MN,Lac qui Parle,2010
27075,-1,10866,MN,Lake,2010
27077,-1,4045,MN,Lake of the Woods,2010
27079,-1,27703,MN,Le Sueur,2010
27081,-1,5896,MN,Lincoln,2010
27083,-1,25857,MN,Lyon,2010
27085,-1,36651,MN,McLeod,2010
27087,-1,5413,MN,Mahnomen,2010
27089,-1,9439,MN,Marshall,2010
27091,-1,20840,MN,Martin,2010
27093,-1,23300,MN,Meeker,2010
27095,-1,26097,MN,Mille Lacs,2010
27097,-1,33198,MN,Morrison,2010
27099,-1,39163,MN,Mower,2010
27101,-1,8725,MN,Murray,2010
27103,-1,32727,MN,Nicollet,2010
27105,-1,21378,MN,Nobles,2010
27107,-1,6852,MN,Norman,2010
27109,-1,144248,MN,Olmsted,2010
27111,-1,57303,MN,Otter Tail,2010
27113,-1,13930,MN,Pennington,2010
27115,-1,29750,MN,Pine,2010
27117,-1,9596,MN,Pipestone,2010
27119,-1,31600,MN,Polk,2010
27121,-1,10995,MN,Pope,2010
27123,48,508640,MN,Ramsey,2010
27125,-1,4089,MN,Red Lake,2010
27127,-1,16059,MN,Redwood,2010
27129,-1,15730,MN,Renville,2010
27131,-1,64142,MN,Rice,2010
27133,-1,9687,MN,Rock,2010
27135,-1,15629,MN,Roseau,2010
27137,23,200226,MN,St. Louis,2010
27139,-1,129928,MN,Scott,2010
27141,-1,88499,MN,Sherburne,2010
27143,-1,15226,MN,Sibley,2010
27145,-1,150642,MN,Stearns,2010
27147,-1,36576,MN,Steele,2010
27149,-1,9726,MN,Stevens,2010
27151,-1,9783,MN,Swift,2010
27153,-1,24895,MN,Todd,2010
27155,-1,3558,MN,Traverse,2010
27157,-1,21676,MN,Wabasha,2010
27159,-1,13843,MN,Wadena,2010
27161,-1,19136,MN,Waseca,2010
27163,14,238136,MN,Washington,2010
27165,-1,11211,MN,Watonwan,2010
27167,-1,6576,MN,Wilkin,2010
27169,-1,51461,MN,Winona,2010
27171,-1,124700,MN,Wright,2010
27173,-1,10438,MN,Yellow Medicine,2010
28001,-1,32297,MS,Adams,2010
28003,-1,37057,MS,Alcorn,2010
28005,-1,13131,MS,Amite,2010
28007,-1,19564,MS,Attala,2010
28009,-1,8729,MS,Benton,2010
28011,-1,34145,MS,Bolivar,2010
28013,-1,14962,MS,Calhoun,2010
28015,-1,10597,MS,Carroll,2010
28017,-1,17392,MS,Chickasaw,2010
28019,-1,8547,MS,Choctaw,2010
28021,-1,9604,MS,Claiborne,2010
28023,-1,16732,MS,Clarke,2010
28025,-1,20634,MS,Clay,2010
28027,-1,26151,MS,Coahoma,2010
28029,-1,29449,MS,Copiah,2010
28031,-1,19568,MS,Covington,2010
28033,17,161252,MS,DeSoto,2010
28035,-1,74934,MS,Forrest,2010
28037,-1,8118,MS,Franklin,2010
28039,-1,22578,MS,George,2010
28041,-1,14400,MS,Greene,2010
28043,-1,21906,MS,Grenada,2010
28045,14,43929,MS,Hancock,2010
28047,36,187105,MS,Harrison,2010
28049,-1,245285,MS,Hinds,2010
28051,-1,19198,MS,Holmes,2010
28053,-1,9375,MS,Humphreys,2010
28055,-1,1406,MS,Issaquena,2010
28057,-1,23401,MS,Itawamba,2010
28059,42,139668,MS,Jackson,2010
28061,-1,17062,MS,Jasper,2010
28063,-1,7726,MS,Jefferson,2010
28065,-1,12487,MS,Jefferson Davis,2010
28067,-1,67761,MS,Jones,2010
28069,-1,10456,MS,Kemper,2010
28071,-1,47351,MS,Lafayette,2010
28073,-1,55658,MS,Lamar,2010
28075,-1,80261,MS,Lauderdale,2010
28077,-1,12929,MS,Lawrence,2010
28079,-1,23805,MS,Leake,2010
28081,11,82910,MS,Lee,2010
28083,-1,32317,MS,Leflore,2010
28085,-1,34869,MS,Lincoln,2010
28087,-1,59779,MS,Lowndes,2010
28089,-1,95203,MS,Madison,2010
28091,10,27088,MS,Marion,2010
28093,-1,37144,MS,Marshall,2010
28095,-1,36989,MS,Monroe,2010
28097,-1,10925,MS,Montgomery,2010
28099,-1,29676,MS,Neshoba,2010
28101,-1,21720,MS,Newton,2010
28103,-1,11545,MS,Noxubee,2010
28105,-1,47671,MS,Oktibbeha,2010
28107,-1,34707,MS,Panola,2010
28109,16,55834,MS,Pearl River,2010
28111,-1,12250,MS,Perry,2010
28113,-1,40404,MS,Pike,2010
28115,-1,29957,MS,Pontotoc,2010
28117,-1,25276,MS,Prentiss,2010
28119,-1,8223,MS,Quitman,2010
28121,32,141617,MS,Rankin,2010
28123,-1,28264,MS,Scott,2010
28125,-1,4916,MS,Sharkey,2010
28127,-1,27503,MS,Simpson,2010
28129,-1,16491,MS,Smith,2010
28131,-1,17786,MS,Stone,2010
28133,-1,29450,MS,Sunflower,2010
28135,-1,15378,MS,Tallahatchie,2010
28137,-1,28886,MS,Tate,2010
28139,-1,22232,MS,Tippah,2010
28141,-1,19593,MS,Tishomingo,2010
28143,-1,10778,MS,Tunica,2010
28145,-1,27134,MS,Union,2010
28147,-1,15443,MS,Walthall,2010
28149,-1,48773,MS,Warren,2010
28151,-1,51137,MS,Washington,2010
28153,-1,20747,MS,Wayne,2010
28155,-1,10253,MS,Webster,2010
28157,-1,9878,MS,Wilkinson,2010
28159,-1,19198,MS,Winston,2010
28161,-1,12678,MS,Yalobusha,2010
28163,-1,28065,MS,Yazoo,2010
29001,-1,25607,MO,Adair,2010
29003,-1,17291,MO,Andrew,2010
29005,-1,5685,MO,Atchison,2010
29007,-1,25529,MO,Audrain,2010
29009,-1,35597,MO,Barry,2010
29011,-1,12402,MO,Barton,2010
29013,-1,17049,MO,Bates,2010
29015,-1,19056,MO,Benton,2010
29017,-1,12363,MO,Bollinger,2010
29019,23,162642,MO,Boone,2010
29021,-1,89201,MO,Buchanan,2010
29023,-1,42794,MO,Butler,2010
29025,-1,9424,MO,Caldwell,2010
29027,-1,44332,MO,Callaway,2010
29029,-1,44002,MO,Camden,2010
29031,13,75674,MO,Cape Girardeau,2010
29033,-1,9295,MO,Carroll,2010
29035,-1,6265,MO,Carter,2010
29037,11,99478,MO,Cass,2010
29039,-1,13982,MO,Cedar,2010
29041,-1,7831,MO,Chariton,2010
29043,15,77422,MO,Christian,2010
29045,-1,7139,MO,Clark,2010
29047,27,221939,MO,Clay,2010
29049,-1,20743,MO,Clinton,2010
29051,11,75990,MO,Cole,2010
29053,-1,17601,MO,Cooper,2010
29055,-1,24696,MO,Crawford,2010
29057,-1,7883,MO,Dade,2010
29059,-1,16777,MO,Dallas,2010
29061,-1,8433,MO,Daviess,2010
29063,-1,12892,MO,DeKalb,2010
29065,-1,15657,MO,Dent,2010
29067,-1,13684,MO,Douglas,2010
29069,-1,31953,MO,Dunklin,2010
29071,23,101492,MO,Franklin,2010
29073,-1,15222,MO,Gasconade,2010
29075,-1,6738,MO,Gentry,2010
29077,86,275174,MO,Greene,2010
29079,-1,10261,MO,Grundy,2010
29081,-1,8957,MO,Harrison,2010
29083,-1,22272,MO,Henry,2010
29085,-1,9627,MO,Hickory,2010
29087,-1,4912,MO,Holt,2010
29089,-1,10144,MO,Howard,2010
29091,-1,40400,MO,Howell,2010
29093,-1,10630,MO,Iron,2010
29095,112,674158,MO,Jackson,2010
29097,24,117404,MO,Jasper,2010
29099,57,218733,MO,Jefferson,2010
29101,-1,52595,MO,Johnson,2010
29103,-1,4131,MO,Knox,2010
29105,-1,35571,MO,Laclede,2010
29107,-1,33381,MO,Lafayette,2010
29109,-1,38634,MO,Lawrence,2010
29111,-1,10211,MO,Lewis,2010
29113,10,52566,MO,Lincoln,2010
29115,-1,12761,MO,Linn,2010
29117,-1,15195,MO,Livingston,2010
29119,-1,23083,MO,McDonald,2010
29121,-1,15566,MO,Macon,2010
29123,-1,12226,MO,Madison,2010
29125,-1,9176,MO,Maries,2010
29127,-1,28781,MO,Marion,2010
29129,-1,3785,MO,Mercer,2010
29131,-1,24748,MO,Miller,2010
29133,-1,14358,MO,Mississippi,2010
29135,-1,15607,MO,Moniteau,2010
29137,-1,8840,MO,Monroe,2010
29139,-1,12236,MO,Montgomery,2010
29141,-1,20565,MO,Morgan,2010
29143,-1,18956,MO,New Madrid,2010
29145,11,58114,MO,Newton,2010
29147,-1,23370,MO,Nodaway,2010
29149,-1,10881,MO,Oregon,2010
29151,-1,13878,MO,Osage,2010
29153,-1,9723,MO,Ozark,2010
29155,12,18296,MO,Pemiscot,2010
29157,-1,18971,MO,Perry,2010
29159,-1,42201,MO,Pettis,2010
29161,12,45156,MO,Phelps,2010
29163,-1,18516,MO,Pike,2010
29165,10,89322,MO,Platte,2010
29167,10,31137,MO,Polk,2010
29169,-1,52274,MO,Pulaski,2010
29171,-1,4979,MO,Putnam,2010
29173,-1,10167,MO,Ralls,2010
29175,-1,25414,MO,Randolph,2010
29177,-1,23494,MO,Ray,2010
29179,-1,6696,MO,Reynolds,2010
29181,-1,14100,MO,Ripley,2010
29183,51,360485,MO,St. Charles,2010
29185,-1,9805,MO,St. Clair,2010
29186,-1,18145,MO,Ste. Genevieve,2010
29187,14,65359,MO,St. Francois,2010
29189,151,998954,MO,St. Louis,2010
29195,-1,23370,MO,Saline,2010
29197,-1,4431,MO,Schuyler,2010
29199,-1,4843,MO,Scotland,2010
29201,-1,39191,MO,Scott,2010
29203,-1,8441,MO,Shannon,2010
29205,-1,6373,MO,Shelby,2010
29207,-1,29968,MO,Stoddard,2010
29209,-1,32202,MO,Stone,2010
29211,-1,6714,MO,Sullivan,2010
29213,-1,51675,MO,Taney,2010
29215,-1,26008,MO,Texas,2010
29217,-1,21159,MO,Vernon,2010
29219,-1,32513,MO,Warren,2010
29221,-1,25195,MO,Washington,2010
29223,-1,13521,MO,Wayne,2010
29225,-1,36202,MO,Webster,2010
29227,-1,2171,MO,Worth,2010
29229,-1,18815,MO,Wright,2010
29510,76,319294,MO,St. Lou,2010
30001,-1,9246,MT,Beaverhead,2010
30003,-1,12865,MT,Big Horn,2010
30005,-1,6491,MT,Blaine,2010
30007,-1,5612,MT,Broadwater,2010
30009,-1,10078,MT,Carbon,2010
30011,-1,1160,MT,Carter,2010
30013,12,81327,MT,Cascade,2010
30015,-1,5813,MT,Chouteau,2010
30017,-1,11699,MT,Custer,2010
30019,-1,1751,MT,Daniels,2010
30021,-1,8966,MT,Dawson,2010
30023,-1,9298,MT,Deer Lodge,2010
30025,-1,2890,MT,Fallon,2010
30027,-1,11586,MT,Fergus,2010
30029,-1,90928,MT,Flathead,2010
30031,-1,89513,MT,Gallatin,2010
30033,-1,1206,MT,Garfield,2010
30035,-1,13399,MT,Glacier,2010
30037,-1,884,MT,Golden Valley,2010
30039,-1,3079,MT,Granite,2010
30041,-1,16096,MT,Hill,2010
30043,-1,11406,MT,Jefferson,2010
30045,-1,2072,MT,Judith Basin,2010
30047,-1,28746,MT,Lake,2010
30049,-1,63395,MT,Lewis and Clark,2010
30051,-1,2339,MT,Liberty,2010
30053,-1,19687,MT,Lincoln,2010
30055,-1,1734,MT,McCone,2010
30057,-1,7691,MT,Madison,2010
30059,-1,1891,MT,Meagher,2010
30061,-1,4223,MT,Mineral,2010
30063,20,109299,MT,Missoula,2010
30065,-1,4538,MT,Musselshell,2010
30067,-1,15636,MT,Park,2010
30069,-1,494,MT,Petroleum,2010
30071,-1,4253,MT,Phillips,2010
30073,-1,6153,MT,Pondera,2010
30075,-1,1743,MT,Powder River,2010
30077,-1,7027,MT,Powell,2010
30079,-1,1179,MT,Prairie,2010
30081,-1,40212,MT,Ravalli,2010
30083,-1,9746,MT,Richland,2010
30085,-1,10425,MT,Roosevelt,2010
30087,-1,9233,MT,Rosebud,2010
30089,-1,11413,MT,Sanders,2010
30091,-1,3384,MT,Sheridan,2010
30093,-1,34200,MT,Silver Bow,2010
30095,-1,9117,MT,Stillwater,2010
30097,-1,3651,MT,Sweet Grass,2010
30099,-1,6073,MT,Teton,2010
30101,-1,5324,MT,Toole,2010
30103,-1,718,MT,Treasure,2010
30105,-1,7369,MT,Valley,2010
30107,-1,2168,MT,Wheatland,2010
30109,-1,1017,MT,Wibaux,2010
30111,25,147972,MT,Yellowstone,2010
31001,-1,31364,NE,Adams,2010
31003,-1,6685,NE,Antelope,2010
31005,-1,460,NE,Arthur,2010
31007,-1,690,NE,Banner,2010
31009,-1,478,NE,Blaine,2010
31011,-1,5505,NE,Boone,2010
31013,-1,11308,NE,Box Butte,2010
31015,-1,2099,NE,Boyd,2010
31017,-1,3145,NE,Brown,2010
31019,-1,46102,NE,Buffalo,2010
31021,-1,6858,NE,Burt,2010
31023,-1,8395,NE,Butler,2010
31025,-1,25241,NE,Cass,2010
31027,-1,8852,NE,Cedar,2010
31029,-1,3966,NE,Chase,2010
31031,-1,5713,NE,Cherry,2010
31033,-1,9998,NE,Cheyenne,2010
31035,-1,6542,NE,Clay,2010
31037,-1,10515,NE,Colfax,2010
31039,-1,9139,NE,Cuming,2010
31041,-1,10939,NE,Custer,2010
31043,-1,21006,NE,Dakota,2010
31045,-1,9182,NE,Dawes,2010
31047,-1,24326,NE,Dawson,2010
31049,-1,1941,NE,Deuel,2010
31051,-1,6000,NE,Dixon,2010
31053,-1,36691,NE,Dodge,2010
31055,44,517110,NE,Douglas,2010
31057,-1,2008,NE,Dundy,2010
31059,-1,5890,NE,Fillmore,2010
31061,-1,3225,NE,Franklin,2010
31063,-1,2756,NE,Frontier,2010
31065,-1,4959,NE,Furnas,2010
31067,-1,22311,NE,Gage,2010
31069,-1,2057,NE,Garden,2010
31071,-1,2049,NE,Garfield,2010
31073,-1,2044,NE,Gosper,2010
31075,-1,614,NE,Grant,2010
31077,-1,2538,NE,Greeley,2010
31079,-1,58607,NE,Hall,2010
31081,-1,9124,NE,Hamilton,2010
31083,-1,3423,NE,Harlan,2010
31085,-1,967,NE,Hayes,2010
31087,-1,2908,NE,Hitchcock,2010
31089,-1,10435,NE,Holt,2010
31091,-1,736,NE,Hooker,2010
31093,-1,6274,NE,Howard,2010
31095,-1,7547,NE,Jefferson,2010
31097,-1,5217,NE,Johnson,2010
31099,-1,6489,NE,Kearney,2010
31101,-1,8368,NE,Keith,2010
31103,-1,824,NE,Keya Paha,2010
31105,-1,3821,NE,Kimball,2010
31107,-1,8701,NE,Knox,2010
31109,20,285407,NE,Lancaster,2010
31111,-1,36288,NE,Lincoln,2010
31113,-1,763,NE,Logan,2010
31115,-1,632,NE,Loup,2010
31117,-1,539,NE,McPherson,2010
31119,-1,34876,NE,Madison,2010
31121,-1,7845,NE,Merrick,2010
31123,-1,5042,NE,Morrill,2010
31125,-1,3735,NE,Nance,2010
31127,-1,7248,NE,Nemaha,2010
31129,-1,4500,NE,Nuckolls,2010
31131,-1,15740,NE,Otoe,2010
31133,-1,2773,NE,Pawnee,2010
31135,-1,2970,NE,Perkins,2010
31137,-1,9188,NE,Phelps,2010
31139,-1,7266,NE,Pierce,2010
31141,-1,32237,NE,Platte,2010
31143,-1,5406,NE,Polk,2010
31145,-1,11055,NE,Red Willow,2010
31147,-1,8363,NE,Richardson,2010
31149,-1,1526,NE,Rock,2010
31151,-1,14200,NE,Saline,2010
31153,10,158840,NE,Sarpy,2010
31155,-1,20780,NE,Saunders,2010
31157,-1,36970,NE,Scotts Bluff,2010
31159,-1,16750,NE,Seward,2010
31161,-1,5469,NE,Sheridan,2010
31163,-1,3152,NE,Sherman,2010
31165,-1,1311,NE,Sioux,2010
31167,-1,6129,NE,Stanton,2010
31169,-1,5228,NE,Thayer,2010
31171,-1,647,NE,Thomas,2010
31173,-1,6940,NE,Thurston,2010
31175,-1,4260,NE,Valley,2010
31177,-1,20234,NE,Washington,2010
31179,-1,9595,NE,Wayne,2010
31181,-1,3812,NE,Webster,2010
31183,-1,818,NE,Wheeler,2010
31185,-1,13665,NE,York,2010
32001,-1,24877,NV,Churchill,2010
32003,392,1951269,NV,Clark,2010
32005,13,46997,NV,Douglas,2010
32007,-1,48818,NV,Elko,2010
32009,-1,783,NV,Esmeralda,2010
32011,-1,1987,NV,Eureka,2010
32013,-1,16528,NV,Humboldt,2010
32015,-1,5775,NV,Lander,2010
32017,-1,5345,NV,Lincoln,2010
32019,14,51980,NV,Lyon,2010
32021,-1,4772,NV,Mineral,2010
32023,21,43946,NV,Nye,2010
32027,-1,6753,NV,Pershing,2010
32029,-1,4010,NV,Storey,2010
32031,103,421407,NV,Washoe,2010
32033,-1,10030,NV,White Pine,2010
32510,10,55274,NV,Cars,2010
33001,-1,60088,NH,Belknap,2010
33003,-1,47818,NH,Carroll,2010
33005,-1,77117,NH,Cheshire,2010
33007,-1,33055,NH,Coos,2010
33009,10,89118,NH,Grafton,2010
33011,58,400721,NH,Hillsborough,2010
33013,11,146445,NH,Merrimack,2010
33015,30,295223,NH,Rockingham,2010
33017,18,123143,NH,Strafford,2010
33019,-1,43742,NH,Sullivan,2010
34001,48,274549,NJ,Atlantic,2010
34003,56,905116,NJ,Bergen,2010
34005,52,448734,NJ,Burlington,2010
34007,98,513657,NJ,Camden,2010
34009,-1,97265,NJ,Cape May,2010
34011,10,156898,NJ,Cumberland,2010
34013,77,783969,NJ,Essex,2010
34015,50,288288,NJ,Gloucester,2010
34017,40,634266,NJ,Hudson,2010
34019,-1,128349,NJ,Hunterdon,2010
34021,38,366513,NJ,Mercer,2010
34023,61,809858,NJ,Middlesex,2010
34025,73,630380,NJ,Monmouth,2010
34027,45,492276,NJ,Morris,2010
34029,64,576567,NJ,Ocean,2010
34031,42,501226,NJ,Passaic,2010
34033,-1,66083,NJ,Salem,2010
34035,17,323444,NJ,Somerset,2010
34037,23,149265,NJ,Sussex,2010
34039,38,536499,NJ,Union,2010
34041,15,108692,NJ,Warren,2010
35001,186,662564,NM,Bernalillo,2010
35003,-1,3725,NM,Catron,2010
35005,-1,65645,NM,Chaves,2010
35006,-1,27213,NM,Cibola,2010
35007,-1,13750,NM,Colfax,2010
35009,-1,48376,NM,Curry,2010
35011,-1,2022,NM,DeBaca,2010
35013,40,209233,NM,Dona Ana,2010
35015,20,53829,NM,Eddy,2010
35017,-1,29514,NM,Grant,2010
35019,-1,4687,NM,Guadalupe,2010
35021,-1,695,NM,Harding,2010
35023,-1,4894,NM,Hidalgo,2010
35025,12,64727,NM,Lea,2010
35027,-1,20497,NM,Lincoln,2010
35028,-1,17950,NM,Los Alamos,2010
35029,-1,25095,NM,Luna,2010
35031,10,71492,NM,McKinley,2010
35033,-1,4881,NM,Mora,2010
35035,13,63797,NM,Otero,2010
35037,-1,9041,NM,Quay,2010
35039,19,40246,NM,Rio Arriba,2010
35041,-1,19846,NM,Roosevelt,2010
35043,19,131561,NM,Sandoval,2010
35045,19,130044,NM,San Juan,2010
35047,-1,29393,NM,San Miguel,2010
35049,33,144170,NM,Santa Fe,2010
35051,-1,11988,NM,Sierra,2010
35053,-1,17866,NM,Socorro,2010
35055,-1,32937,NM,Taos,2010
35057,-1,16383,NM,Torrance,2010
35059,-1,4549,NM,Union,2010
35061,22,76569,NM,Valencia,2010
36001,26,304204,NY,Albany,2010
36003,-1,48946,NY,Allegany,2010
36005,111,1385108,NY,Bronx,2010
36007,18,200600,NY,Broome,2010
36009,-1,80317,NY,Cattaraugus,2010
36011,-1,80026,NY,Cayuga,2010
36013,12,134905,NY,Chautauqua,2010
36015,-1,88830,NY,Chemung,2010
36017,-1,50477,NY,Chenango,2010
36019,-1,82128,NY,Clinton,2010
36021,-1,63096,NY,Columbia,2010
36023,-1,49336,NY,Cortland,2010
36025,-1,47980,NY,Delaware,2010
36027,55,297488,NY,Dutchess,2010
36029,79,919040,NY,Erie,2010
36031,-1,39370,NY,Essex,2010
36033,-1,51599,NY,Franklin,2010
36035,-1,55531,NY,Fulton,2010
36037,-1,60079,NY,Genesee,2010
36039,-1,49221,NY,Greene,2010
36041,-1,4836,NY,Hamilton,2010
36043,-1,64519,NY,Herkimer,2010
36045,-1,116229,NY,Jefferson,2010
36047,180,2504700,NY,Kings,2010
36049,-1,27087,NY,Lewis,2010
36051,-1,65393,NY,Livingston,2010
36053,-1,73442,NY,Madison,2010
36055,63,744344,NY,Monroe,2010
36057,-1,50219,NY,Montgomery,2010
36059,101,1339532,NY,Nassau,2010
36061,99,1585873,NY,New York,2010
36063,30,216469,NY,Niagara,2010
36065,17,234878,NY,Oneida,2010
36067,40,467026,NY,Onondaga,2010
36069,-1,107931,NY,Ontario,2010
36071,54,372813,NY,Orange,2010
36073,-1,42883,NY,Orleans,2010
36075,12,122109,NY,Oswego,2010
36077,-1,62259,NY,Otsego,2010
36079,-1,99710,NY,Putnam,2010
36081,133,2230722,NY,Queens,2010
36083,13,159429,NY,Rensselaer,2010
36085,69,468730,NY,Richmond,2010
36087,18,311687,NY,Rockland,2010
36089,-1,111944,NY,St. Lawrence,2010
36091,-1,219607,NY,Saratoga,2010
36093,-1,154727,NY,Schenectady,2010
36095,-1,32749,NY,Schoharie,2010
36097,-1,18343,NY,Schuyler,2010
36099,-1,35251,NY,Seneca,2010
36101,-1,98990,NY,Steuben,2010
36103,199,1493350,NY,Suffolk,2010
36105,-1,77547,NY,Sullivan,2010
36107,-1,51125,NY,Tioga,2010
36109,-1,101564,NY,Tompkins,2010
36111,14,182493,NY,Ulster,2010
36113,-1,65707,NY,Warren,2010
36115,-1,63216,NY,Washington,2010
36117,-1,93772,NY,Wayne,2010
36119,48,949113,NY,Westchester,2010
36121,-1,42155,NY,Wyoming,2010
36123,-1,25348,NY,Yates,2010
37001,10,151131,NC,Alamance,2010
37003,10,37198,NC,Alexander,2010
37005,-1,11155,NC,Alleghany,2010
37007,-1,26948,NC,Anson,2010
37009,-1,27281,NC,Ashe,2010
37011,-1,17797,NC,Avery,2010
37013,-1,47759,NC,Beaufort,2010
37015,-1,21282,NC,Bertie,2010
37017,-1,35190,NC,Bladen,2010
37019,23,107431,NC,Brunswick,2010
37021,28,238318,NC,Buncombe,2010
37023,23,90912,NC,Burke,2010
37025,23,178011,NC,Cabarrus,2010
37027,13,83029,NC,Caldwell,2010
37029,-1,9980,NC,Camden,2010
37031,11,66469,NC,Carteret,2010
37033,-1,23719,NC,Caswell,2010
37035,21,154358,NC,Catawba,2010
37037,-1,63505,NC,Chatham,2010
37039,13,27444,NC,Cherokee,2010
37041,-1,14793,NC,Chowan,2010
37043,-1,10587,NC,Clay,2010
37045,20,98078,NC,Cleveland,2010
37047,15,58098,NC,Columbus,2010
37049,11,103505,NC,Craven,2010
37051,44,319431,NC,Cumberland,2010
37053,-1,23547,NC,Currituck,2010
37055,-1,33920,NC,Dare,2010
37057,16,162878,NC,Davidson,2010
37059,-1,41240,NC,Davie,2010
37061,-1,58505,NC,Duplin,2010
37063,29,267587,NC,Durham,2010
37065,-1,56552,NC,Edgecombe,2010
37067,28,350670,NC,Forsyth,2010
37069,-1,60619,NC,Franklin,2010
37071,47,206086,NC,Gaston,2010
37073,-1,12197,NC,Gates,2010
37075,-1,8861,NC,Graham,2010
37077,-1,59916,NC,Granville,2010
37079,-1,21362,NC,Greene,2010
37081,36,488406,NC,Guilford,2010
37083,-1,54691,NC,Halifax,2010
37085,12,114678,NC,Harnett,2010
37087,13,59036,NC,Haywood,2010
37089,19,106740,NC,Henderson,2010
37091,-1,24669,NC,Hertford,2010
37093,-1,46952,NC,Hoke,2010
37095,-1,5810,NC,Hyde,2010
37097,23,159437,NC,Iredell,2010
37099,-1,40271,NC,Jackson,2010
37101,28,168878,NC,Johnston,2010
37103,-1,10153,NC,Jones,2010
37105,-1,57866,NC,Lee,2010
37107,-1,59495,NC,Lenoir,2010
37109,-1,78265,NC,Lincoln,2010
37111,-1,44996,NC,McDowell,2010
37113,-1,33922,NC,Macon,2010
37115,-1,20764,NC,Madison,2010
37117,-1,24505,NC,Martin,2010
37119,65,919628,NC,Mecklenburg,2010
37121,-1,15579,NC,Mitchell,2010
37123,-1,27798,NC,Montgomery,2010
37125,-1,88247,NC,Moore,2010
37127,-1,95840,NC,Nash,2010
37129,31,202667,NC,New Hanover,2010
37131,-1,22099,NC,Northampton,2010
37133,16,177772,NC,Onslow,2010
37135,-1,133801,NC,Orange,2010
37137,-1,13144,NC,Pamlico,2010
37139,-1,40661,NC,Pasquotank,2010
37141,-1,52217,NC,Pender,2010
37143,-1,13453,NC,Perquimans,2010
37145,-1,39464,NC,Person,2010
37147,19,168148,NC,Pitt,2010
37149,-1,20510,NC,Polk,2010
37151,19,141752,NC,Randolph,2010
37153,-1,46639,NC,Richmond,2010
37155,11,134168,NC,Robeson,2010
37157,17,93643,NC,Rockingham,2010
37159,23,138428,NC,Rowan,2010
37161,10,67810,NC,Rutherford,2010
37163,-1,63431,NC,Sampson,2010
37165,-1,36157,NC,Scotland,2010
37167,18,60585,NC,Stanly,2010
37169,-1,47401,NC,Stokes,2010
37171,18,73673,NC,Surry,2010
37173,-1,13981,NC,Swain,2010
37175,-1,33090,NC,Transylvania,2010
37177,-1,4407,NC,Tyrrell,2010
37179,12,201292,NC,Union,2010
37181,-1,45422,NC,Vance,2010
37183,57,900993,NC,Wake,2010
37185,-1,20972,NC,Warren,2010
37187,-1,13228,NC,Washington,2010
37189,-1,51079,NC,Watauga,2010
37191,14,122623,NC,Wayne,2010
37193,17,69340,NC,Wilkes,2010
37195,-1,81234,NC,Wilson,2010
37197,-1,38406,NC,Yadkin,2010
37199,-1,17818,NC,Yancey,2010
38001,-1,2343,ND,Adams,2010
38003,-1,11066,ND,Barnes,2010
38005,-1,6660,ND,Benson,2010
38007,-1,783,ND,Billings,2010
38009,-1,6429,ND,Bottineau,2010
38011,-1,3151,ND,Bowman,2010
38013,-1,1968,ND,Burke,2010
38015,-1,81308,ND,Burleigh,2010
38017,-1,149778,ND,Cass,2010
38019,-1,3993,ND,Cavalier,2010
38021,-1,5289,ND,Dickey,2010
38023,-1,2071,ND,Divide,2010
38025,-1,3536,ND,Dunn,2010
38027,-1,2385,ND,Eddy,2010
38029,-1,3550,ND,Emmons,2010
38031,-1,3343,ND,Foster,2010
38033,-1,1680,ND,Golden Valley,2010
38035,-1,66861,ND,Grand Forks,2010
38037,-1,2394,ND,Grant,2010
38039,-1,2420,ND,Griggs,2010
38041,-1,2477,ND,Hettinger,2010
38043,-1,2435,ND,Kidder,2010
38045,-1,4139,ND,LaMoure,2010
38047,-1,1990,ND,Logan,2010
38049,-1,5395,ND,McHenry,2010
38051,-1,2809,ND,McIntosh,2010
38053,-1,6360,ND,McKenzie,2010
38055,-1,8962,ND,McLean,2010
38057,-1,8424,ND,Mercer,2010
38059,-1,27471,ND,Morton,2010
38061,-1,7673,ND,Mountrail,2010
38063,-1,3126,ND,Nelson,2010
38065,-1,1846,ND,Oliver,2010
38067,-1,7413,ND,Pembina,2010
38069,-1,4357,ND,Pierce,2010
38071,-1,11451,ND,Ramsey,2010
38073,-1,5457,ND,Ransom,2010
38075,-1,2470,ND,Renville,2010
38077,-1,16321,ND,Richland,2010
38079,-1,13937,ND,Rolette,2010
38081,-1,3829,ND,Sargent,2010
38083,-1,1321,ND,Sheridan,2010
38085,-1,4153,ND,Sioux,2010
38087,-1,727,ND,Slope,2010
38089,-1,24199,ND,Stark,2010
38091,-1,1975,ND,Steele,2010
38093,-1,21100,ND,Stutsman,2010
38095,-1,2246,ND,Towner,2010
38097,-1,8121,ND,Traill,2010
38099,-1,11119,ND,Walsh,2010
38101,-1,61675,ND,Ward,2010
38103,-1,4207,ND,Wells,2010
38105,-1,22398,ND,Williams,2010
39001,-1,28550,OH,Adams,2010
39003,-1,106331,OH,Allen,2010
39005,-1,53139,OH,Ashland,2010
39007,20,101497,OH,Ashtabula,2010
39009,-1,64757,OH,Athens,2010
39011,-1,45949,OH,Auglaize,2010
39013,-1,70400,OH,Belmont,2010
39015,17,44846,OH,Brown,2010
39017,73,368130,OH,Butler,2010
39019,-1,28836,OH,Carroll,2010
39021,-1,40097,OH,Champaign,2010
39023,21,138333,OH,Clark,2010
39025,52,197363,OH,Clermont,2010
39027,-1,42040,OH,Clinton,2010
39029,18,107841,OH,Columbiana,2010
39031,-1,36901,OH,Coshocton,2010
39033,-1,43784,OH,Crawford,2010
39035,185,1280122,OH,Cuyahoga,2010
39037,-1,52959,OH,Darke,2010
39039,-1,39037,OH,Defiance,2010
39041,14,174214,OH,Delaware,2010
39043,18,77079,OH,Erie,2010
39045,18,146156,OH,Fairfield,2010
39047,-1,29030,OH,Fayette,2010
39049,239,1163414,OH,Franklin,2010
39051,-1,42698,OH,Fulton,2010
39053,-1,30934,OH,Gallia,2010
39055,-1,93389,OH,Geauga,2010
39057,32,161573,OH,Greene,2010
39059,13,40087,OH,Guernsey,2010
39061,129,802374,OH,Hamilton,2010
39063,-1,74782,OH,Hancock,2010
39065,-1,32058,OH,Hardin,2010
39067,-1,15864,OH,Harrison,2010
39069,-1,28215,OH,Henry,2010
39071,14,43589,OH,Highland,2010
39073,-1,29380,OH,Hocking,2010
39075,-1,42366,OH,Holmes,2010
39077,-1,59626,OH,Huron,2010
39079,-1,33225,OH,Jackson,2010
39081,13,69709,OH,Jefferson,2010
39083,11,60921,OH,Knox,2010
39085,43,230041,OH,Lake,2010
39087,11,62450,OH,Lawrence,2010
39089,24,166492,OH,Licking,2010
39091,-1,45858,OH,Logan,2010
39093,36,301356,OH,Lorain,2010
39095,62,441815,OH,Lucas,2010
39097,11,43435,OH,Madison,2010
39099,55,238823,OH,Mahoning,2010
39101,-1,66501,OH,Marion,2010
39103,12,172332,OH,Medina,2010
39105,-1,23770,OH,Meigs,2010
39107,-1,40814,OH,Mercer,2010
39109,15,102506,OH,Miami,2010
39111,-1,14642,OH,Monroe,2010
39113,133,535153,OH,Montgomery,2010
39115,-1,15054,OH,Morgan,2010
39117,-1,34827,OH,Morrow,2010
39119,-1,86074,OH,Muskingum,2010
39121,-1,14645,OH,Noble,2010
39123,-1,41428,OH,Ottawa,2010
39125,-1,19614,OH,Paulding,2010
39127,-1,36058,OH,Perry,2010
39129,-1,55698,OH,Pickaway,2010
39131,-1,28709,OH,Pike,2010
39133,17,161419,OH,Portage,2010
39135,-1,42270,OH,Preble,2010
39137,-1,34499,OH,Putnam,2010
39139,14,124475,OH,Richland,2010
39141,20,78064,OH,Ross,2010
39143,-1,60944,OH,Sandusky,2010
39145,25,79499,OH,Scioto,2010
39147,-1,56745,OH,Seneca,2010
39149,-1,49423,OH,Shelby,2010
39151,45,375586,OH,Stark,2010
39153,80,541781,OH,Summit,2010
39155,49,210312,OH,Trumbull,2010
39157,-1,92582,OH,Tuscarawas,2010
39159,11,52300,OH,Union,2010
39161,-1,28744,OH,Van Wert,2010
39163,-1,13435,OH,Vinton,2010
39165,27,212693,OH,Warren,2010
39167,-1,61778,OH,Washington,2010
39169,-1,114520,OH,Wayne,2010
39171,-1,37642,OH,Williams,2010
39173,-1,125488,OH,Wood,2010
39175,-1,22615,OH,Wyandot,2010
40001,-1,22683,OK,Adair,2010
40003,-1,5642,OK,Alfalfa,2010
40005,-1,14182,OK,Atoka,2010
40007,-1,5636,OK,Beaver,2010
40009,-1,22119,OK,Beckham,2010
40011,-1,11943,OK,Blaine,2010
40013,-1,42416,OK,Bryan,2010
40015,-1,29600,OK,Caddo,2010
40017,15,115541,OK,Canadian,2010
40019,16,47557,OK,Carter,2010
40021,10,46987,OK,Cherokee,2010
40023,-1,15205,OK,Choctaw,2010
40025,-1,2475,OK,Cimarron,2010
40027,41,255755,OK,Cleveland,2010
40029,-1,5925,OK,Coal,2010
40031,14,124098,OK,Comanche,2010
40033,-1,6193,OK,Cotton,2010
40035,-1,15029,OK,Craig,2010
40037,21,69967,OK,Creek,2010
40039,-1,27469,OK,Custer,2010
40041,-1,41487,OK,Delaware,2010
40043,-1,4810,OK,Dewey,2010
40045,-1,4151,OK,Ellis,2010
40047,-1,60580,OK,Garfield,2010
40049,-1,27576,OK,Garvin,2010
40051,-1,52431,OK,Grady,2010
40053,-1,4527,OK,Grant,2010
40055,-1,6239,OK,Greer,2010
40057,-1,2922,OK,Harmon,2010
40059,-1,3685,OK,Harper,2010
40061,-1,12769,OK,Haskell,2010
40063,-1,14003,OK,Hughes,2010
40065,-1,26446,OK,Jackson,2010
40067,-1,6472,OK,Jefferson,2010
40069,-1,10957,OK,Johnston,2010
40071,10,46562,OK,Kay,2010
40073,-1,15034,OK,Kingfisher,2010
40075,-1,9446,OK,Kiowa,2010
40077,-1,11154,OK,Latimer,2010
40079,-1,50384,OK,Le Flore,2010
40081,-1,34273,OK,Lincoln,2010
40083,-1,41848,OK,Logan,2010
40085,-1,9423,OK,Love,2010
40087,-1,34506,OK,McClain,2010
40089,-1,33151,OK,McCurtain,2010
40091,-1,20252,OK,McIntosh,2010
40093,-1,7527,OK,Major,2010
40095,-1,15840,OK,Marshall,2010
40097,13,41259,OK,Mayes,2010
40099,-1,13488,OK,Murray,2010
40101,16,70990,OK,Muskogee,2010
40103,-1,11561,OK,Noble,2010
40105,-1,10536,OK,Nowata,2010
40107,-1,12191,OK,Okfuskee,2010
40109,153,718633,OK,Oklahoma,2010
40111,-1,40069,OK,Okmulgee,2010
40113,-1,47472,OK,Osage,2010
40115,-1,31848,OK,Ottawa,2010
40117,-1,16577,OK,Pawnee,2010
40119,-1,77350,OK,Payne,2010
40121,-1,45837,OK,Pittsburg,2010
40123,11,37492,OK,Pontotoc,2010
40125,-1,69442,OK,Pottawatomie,2010
40127,-1,11572,OK,Pushmataha,2010
40129,-1,3647,OK,Roger Mills,2010
40131,10,86905,OK,Rogers,2010
40133,-1,25482,OK,Seminole,2010
40135,13,42391,OK,Sequoyah,2010
40137,13,45048,OK,Stephens,2010
40139,-1,20640,OK,Texas,2010
40141,-1,7992,OK,Tillman,2010
40143,141,603403,OK,Tulsa,2010
40145,22,73085,OK,Wagoner,2010
40147,-1,50976,OK,Washington,2010
40149,-1,11629,OK,Washita,2010
40151,-1,8878,OK,Woods,2010
40153,-1,20081,OK,Woodward,2010
41001,-1,16134,OR,Baker,2010
41003,-1,85579,OR,Benton,2010
41005,49,375992,OR,Clackamas,2010
41007,-1,37039,OR,Clatsop,2010
41009,-1,49351,OR,Columbia,2010
41011,14,63043,OR,Coos,2010
41013,-1,20978,OR,Crook,2010
41015,-1,22364,OR,Curry,2010
41017,23,157733,OR,Deschutes,2010
41019,11,107667,OR,Douglas,2010
41021,-1,1871,OR,Gilliam,2010
41023,-1,7445,OR,Grant,2010
41025,-1,7422,OR,Harney,2010
41027,-1,22346,OR,Hood River,2010
41029,29,203206,OR,Jackson,2010
41031,-1,21720,OR,Jefferson,2010
41033,11,82713,OR,Josephine,2010
41035,12,66380,OR,Klamath,2010
41037,-1,7895,OR,Lake,2010
41039,54,351715,OR,Lane,2010
41041,-1,46034,OR,Lincoln,2010
41043,14,116672,OR,Linn,2010
41045,-1,31313,OR,Malheur,2010
41047,44,315335,OR,Marion,2010
41049,-1,11173,OR,Morrow,2010
41051,121,735334,OR,Multnomah,2010
41053,-1,75403,OR,Polk,2010
41055,-1,1765,OR,Sherman,2010
41057,-1,25250,OR,Tillamook,2010
41059,-1,75889,OR,Umatilla,2010
41061,-1,25748,OR,Union,2010
41063,-1,7008,OR,Wallowa,2010
41065,-1,25213,OR,Wasco,2010
41067,38,529710,OR,Washington,2010
41069,-1,1441,OR,Wheeler,2010
41071,11,99193,OR,Yamhill,2010
42001,14,101407,PA,Adams,2010
42003,235,1223348,PA,Allegheny,2010
42005,13,68941,PA,Armstrong,2010
42007,25,170539,PA,Beaver,2010
42009,-1,49762,PA,Bedford,2010
42011,58,411442,PA,Berks,2010
42013,12,127089,PA,Blair,2010
42015,-1,62622,PA,Bradford,2010
42017,102,625249,PA,Bucks,2010
42019,21,183862,PA,Butler,2010
42021,39,143679,PA,Cambria,2010
42023,-1,5085,PA,Cameron,2010
42025,-1,65249,PA,Carbon,2010
42027,-1,153990,PA,Centre,2010
42029,55,498886,PA,Chester,2010
42031,-1,39988,PA,Clarion,2010
42033,11,81642,PA,Clearfield,2010
42035,-1,39238,PA,Clinton,2010
42037,-1,67295,PA,Columbia,2010
42039,14,88765,PA,Crawford,2010
42041,20,235406,PA,Cumberland,2010
42043,22,268100,PA,Dauphin,2010
42045,122,558979,PA,Delaware,2010
42047,-1,31946,PA,Elk,2010
42049,25,280566,PA,Erie,2010
42051,27,136606,PA,Fayette,2010
42053,-1,7716,PA,Forest,2010
42055,13,149618,PA,Franklin,2010
42057,-1,14845,PA,Fulton,2010
42059,13,38686,PA,Greene,2010
42061,-1,45913,PA,Huntingdon,2010
42063,12,88880,PA,Indiana,2010
42065,-1,45200,PA,Jefferson,2010
42067,-1,24636,PA,Juniata,2010
42069,33,214437,PA,Lackawanna,2010
42071,53,519445,PA,Lancaster,2010
42073,12,91108,PA,Lawrence,2010
42075,-1,133568,PA,Lebanon,2010
42077,44,349497,PA,Lehigh,2010
42079,48,320918,PA,Luzerne,2010
42081,13,116111,PA,Lycoming,2010
42083,-1,43450,PA,Mc Kean,2010
42085,19,116638,PA,Mercer,2010
42087,-1,46682,PA,Mifflin,2010
42089,16,169842,PA,Monroe,2010
42091,114,799874,PA,Montgomery,2010
42093,-1,18267,PA,Montour,2010
42095,30,297735,PA,Northampton,2010
42097,12,94528,PA,Northumberland,2010
42099,-1,45969,PA,Perry,2010
42101,342,1526006,PA,Philadelphia,2010
42103,14,57369,PA,Pike,2010
42105,-1,17457,PA,Potter,2010
42107,26,148289,PA,Schuylkill,2010
42109,-1,39702,PA,Snyder,2010
42111,14,77742,PA,Somerset,2010
42113,-1,6428,PA,Sullivan,2010
42115,-1,43356,PA,Susquehanna,2010
42117,-1,41981,PA,Tioga,2010
42119,-1,44947,PA,Union,2010
42121,-1,54984,PA,Venango,2010
42123,-1,41815,PA,Warren,2010
42125,40,207820,PA,Washington,2010
42127,-1,52822,PA,Wayne,2010
42129,65,365169,PA,Westmoreland,2010
42131,-1,28276,PA,Wyoming,2010
42133,54,434972,PA,York,2010
44001,-1,49875,RI,Bristol,2010
44003,25,166158,RI,Kent,2010
44005,10,82888,RI,Newport,2010
44007,111,626667,RI,Providence,2010
44009,19,126979,RI,Washington,2010
45001,-1,25417,SC,Abbeville,2010
45003,27,160099,SC,Aiken,2010
45005,-1,10419,SC,Allendale,2010
45007,37,187126,SC,Anderson,2010
45009,-1,15987,SC,Bamberg,2010
45011,-1,22621,SC,Barnwell,2010
45013,15,162233,SC,Beaufort,2010
45015,25,177843,SC,Berkeley,2010
45017,-1,15175,SC,Calhoun,2010
45019,60,350209,SC,Charleston,2010
45021,10,55342,SC,Cherokee,2010
45023,-1,33140,SC,Chester,2010
45025,-1,46734,SC,Chesterfield,2010
45027,-1,34971,SC,Clarendon,2010
45029,10,38892,SC,Colleton,2010
45031,-1,68681,SC,Darlington,2010
45033,-1,32062,SC,Dillon,2010
45035,11,136555,SC,Dorchester,2010
45037,-1,26985,SC,Edgefield,2010
45039,-1,23956,SC,Fairfield,2010
45041,17,136885,SC,Florence,2010
45043,-1,60158,SC,Georgetown,2010
45045,78,451225,SC,Greenville,2010
45047,-1,69661,SC,Greenwood,2010
45049,-1,21090,SC,Hampton,2010
45051,46,269291,SC,Horry,2010
45053,-1,24777,SC,Jasper,2010
45055,10,61697,SC,Kershaw,2010
45057,16,76652,SC,Lancaster,2010
45059,12,66537,SC,Laurens,2010
45061,-1,19220,SC,Lee,2010
45063,45,262391,SC,Lexington,2010
45065,-1,10233,SC,McCormick,2010
45067,-1,33062,SC,Marion,2010
45069,-1,28933,SC,Marlboro,2010
45071,-1,37508,SC,Newberry,2010
45073,19,74273,SC,Oconee,2010
45075,10,92501,SC,Orangeburg,2010
45077,36,119224,SC,Pickens,2010
45079,54,384504,SC,Richland,2010
45081,-1,19875,SC,Saluda,2010
45083,56,284307,SC,Spartanburg,2010
45085,-1,107456,SC,Sumter,2010
45087,-1,28961,SC,Union,2010
45089,-1,34423,SC,Williamsburg,2010
45091,25,226073,SC,York,2010
46003,-1,2710,SD,Aurora,2010
46005,-1,17398,SD,Beadle,2010
46007,-1,3431,SD,Bennett,2010
46009,-1,7070,SD,Bon Homme,2010
46011,-1,31965,SD,Brookings,2010
46013,-1,36531,SD,Brown,2010
46015,-1,5255,SD,Brule,2010
46017,-1,1912,SD,Buffalo,2010
46019,-1,10110,SD,Butte,2010
46021,-1,1466,SD,Campbell,2010
46023,-1,9129,SD,Charles Mix,2010
46025,-1,3691,SD,Clark,2010
46027,-1,13864,SD,Clay,2010
46029,-1,27227,SD,Codington,2010
46031,-1,4050,SD,Corson,2010
46033,-1,8216,SD,Custer,2010
46035,-1,19504,SD,Davison,2010
46037,-1,5710,SD,Day,2010
46039,-1,4364,SD,Deuel,2010
46041,-1,5301,SD,Dewey,2010
46043,-1,3002,SD,Douglas,2010
46045,-1,4071,SD,Edmunds,2010
46047,-1,7094,SD,Fall River,2010
46049,-1,2364,SD,Faulk,2010
46051,-1,7356,SD,Grant,2010
46053,-1,4271,SD,Gregory,2010
46055,-1,1937,SD,Haakon,2010
46057,-1,5903,SD,Hamlin,2010
46059,-1,3431,SD,Hand,2010
46061,-1,3331,SD,Hanson,2010
46063,-1,1255,SD,Harding,2010
46065,-1,17022,SD,Hughes,2010
46067,-1,7343,SD,Hutchinson,2010
46069,-1,1420,SD,Hyde,2010
46071,-1,3031,SD,Jackson,2010
46073,-1,2071,SD,Jerauld,2010
46075,-1,1006,SD,Jones,2010
46077,-1,5148,SD,Kingsbury,2010
46079,-1,11200,SD,Lake,2010
46081,-1,24097,SD,Lawrence,2010
46083,-1,44828,SD,Lincoln,2010
46085,-1,3755,SD,Lyman,2010
46087,-1,5618,SD,McCook,2010
46089,-1,2459,SD,McPherson,2010
46091,-1,4656,SD,Marshall,2010
46093,-1,25434,SD,Meade,2010
46095,-1,2048,SD,Mellette,2010
46097,-1,2389,SD,Miner,2010
46099,18,169468,SD,Minnehaha,2010
46101,-1,6486,SD,Moody,2010
46103,12,100948,SD,Pennington,2010
46105,-1,2982,SD,Perkins,2010
46107,-1,2329,SD,Potter,2010
46109,-1,10149,SD,Roberts,2010
46111,-1,2355,SD,Sanborn,2010
46113,-1,13586,SD,Shannon,2010
46115,-1,6415,SD,Spink,2010
46117,-1,2966,SD,Stanley,2010
46119,-1,1373,SD,Sully,2010
46121,-1,9612,SD,Todd,2010
46123,-1,5644,SD,Tripp,2010
46125,-1,8347,SD,Turner,2010
46127,-1,14399,SD,Union,2010
46129,-1,5438,SD,Walworth,2010
46135,-1,22438,SD,Yankton,2010
46137,-1,2801,SD,Ziebach,2010
47001,20,75129,TN,Anderson,2010
47003,-1,45058,TN,Bedford,2010
47005,-1,16489,TN,Benton,2010
47007,-1,12876,TN,Bledsoe,2010
47009,37,123010,TN,Blount,2010
47011,21,98963,TN,Bradley,2010
47013,12,40716,TN,Campbell,2010
47015,-1,13801,TN,Cannon,2010
47017,-1,28522,TN,Carroll,2010
47019,13,57424,TN,Carter,2010
47021,11,39105,TN,Cheatham,2010
47023,-1,17131,TN,Chester,2010
47025,11,32213,TN,Claiborne,2010
47027,-1,7861,TN,Clay,2010
47029,-1,35662,TN,Cocke,2010
47031,-1,52796,TN,Coffee,2010
47033,-1,14586,TN,Crockett,2010
47035,13,56053,TN,Cumberland,2010
47037,103,626681,TN,Davidson,2010
47039,-1,11757,TN,Decatur,2010
47041,-1,18723,TN,DeKalb,2010
47043,-1,49666,TN,Dickson,2010
47045,-1,38335,TN,Dyer,2010
47047,-1,38413,TN,Fayette,2010
47049,-1,17959,TN,Fentress,2010
47051,-1,41052,TN,Franklin,2010
47053,-1,49683,TN,Gibson,2010
47055,-1,29485,TN,Giles,2010
47057,-1,22657,TN,Grainger,2010
47059,12,68831,TN,Greene,2010
47061,-1,13703,TN,Grundy,2010
47063,20,62544,TN,Hamblen,2010
47065,34,336463,TN,Hamilton,2010
47067,-1,6819,TN,Hancock,2010
47069,-1,27253,TN,Hardeman,2010
47071,-1,26026,TN,Hardin,2010
47073,13,56833,TN,Hawkins,2010
47075,-1,18787,TN,Haywood,2010
47077,-1,27769,TN,Henderson,2010
47079,-1,32330,TN,Henry,2010
47081,-1,24690,TN,Hickman,2010
47083,-1,8426,TN,Houston,2010
47085,-1,18538,TN,Humphreys,2010
47087,-1,11638,TN,Jackson,2010
47089,-1,51407,TN,Jefferson,2010
47091,-1,18244,TN,Johnson,2010
47093,94,432226,TN,Knox,2010
47095,-1,7832,TN,Lake,2010
47097,-1,27815,TN,Lauderdale,2010
47099,-1,41869,TN,Lawrence,2010
47101,-1,12161,TN,Lewis,2010
47103,-1,33361,TN,Lincoln,2010
47105,-1,48556,TN,Loudon,2010
47107,18,52266,TN,McMinn,2010
47109,-1,26075,TN,McNairy,2010
47111,-1,22248,TN,Macon,2010
47113,-1,98294,TN,Madison,2010
47115,-1,28237,TN,Marion,2010
47117,-1,30617,TN,Marshall,2010
47119,15,80956,TN,Maury,2010
47121,-1,11753,TN,Meigs,2010
47123,10,44519,TN,Monroe,2010
47125,19,172331,TN,Montgomery,2010
47127,-1,6362,TN,Moore,2010
47129,-1,21987,TN,Morgan,2010
47131,-1,31807,TN,Obion,2010
47133,-1,22083,TN,Overton,2010
47135,-1,7915,TN,Perry,2010
47137,-1,5077,TN,Pickett,2010
47139,-1,16825,TN,Polk,2010
47141,12,72321,TN,Putnam,2010
47143,12,31809,TN,Rhea,2010
47145,19,54181,TN,Roane,2010
47147,-1,66283,TN,Robertson,2010
47149,29,262604,TN,Rutherford,2010
47151,-1,22228,TN,Scott,2010
47153,-1,14112,TN,Sequatchie,2010
47155,25,89889,TN,Sevier,2010
47157,135,927644,TN,Shelby,2010
47159,-1,19166,TN,Smith,2010
47161,-1,13324,TN,Stewart,2010
47163,25,156823,TN,Sullivan,2010
47165,20,160645,TN,Sumner,2010
47167,-1,61081,TN,Tipton,2010
47169,-1,7870,TN,Trousdale,2010
47171,-1,18313,TN,Unicoi,2010
47173,-1,19109,TN,Union,2010
47175,-1,5548,TN,Van Buren,2010
47177,-1,39839,TN,Warren,2010
47179,25,122979,TN,Washington,2010
47181,-1,17021,TN,Wayne,2010
47183,-1,35021,TN,Weakley,2010
47185,-1,25841,TN,White,2010
47187,11,183182,TN,Williamson,2010
47189,19,113993,TN,Wilson,2010
48001,-1,58458,TX,Anderson,2010
48003,-1,14786,TX,Andrews,2010
48005,-1,86771,TX,Angelina,2010
48007,-1,23158,TX,Aransas,2010
48009,-1,9054,TX,Archer,2010
48011,-1,1901,TX,Armstrong,2010
48013,-1,44911,TX,Atascosa,2010
48015,-1,28417,TX,Austin,2010
48017,-1,7165,TX,Bailey,2010
48019,-1,20485,TX,Bandera,2010
48021,-1,74171,TX,Bastrop,2010
48023,-1,3726,TX,Baylor,2010
48025,-1,31861,TX,Bee,2010
48027,26,310235,TX,Bell,2010
48029,195,1714773,TX,Bexar,2010
48031,-1,10497,TX,Blanco,2010
48033,-1,641,TX,Borden,2010
48035,-1,18212,TX,Bosque,2010
48037,-1,92565,TX,Bowie,2010
48039,27,313166,TX,Brazoria,2010
48041,13,194851,TX,Brazos,2010
48043,-1,9232,TX,Brewster,2010
48045,-1,1637,TX,Briscoe,2010
48047,-1,7223,TX,Brooks,2010
48049,-1,38106,TX,Brown,2010
48051,-1,17187,TX,Burleson,2010
48053,-1,42750,TX,Burnet,2010
48055,-1,38066,TX,Caldwell,2010
48057,-1,21381,TX,Calhoun,2010
48059,-1,13544,TX,Callahan,2010
48061,14,406220,TX,Cameron,2010
48063,-1,12401,TX,Camp,2010
48065,-1,6182,TX,Carson,2010
48067,-1,30464,TX,Cass,2010
48069,-1,8062,TX,Castro,2010
48071,-1,35096,TX,Chambers,2010
48073,-1,50845,TX,Cherokee,2010
48075,-1,7041,TX,Childress,2010
48077,-1,10752,TX,Clay,2010
48079,-1,3127,TX,Cochran,2010
48081,-1,3320,TX,Coke,2010
48083,-1,8895,TX,Coleman,2010
48085,59,782341,TX,Collin,2010
48087,-1,3057,TX,Collingsworth,2010
48089,-1,20874,TX,Colorado,2010
48091,20,108472,TX,Comal,2010
48093,-1,13974,TX,Comanche,2010
48095,-1,4087,TX,Concho,2010
48097,-1,38437,TX,Cooke,2010
48099,-1,75388,TX,Coryell,2010
48101,-1,1505,TX,Cottle,2010
48103,-1,4375,TX,Crane,2010
48105,-1,3719,TX,Crockett,2010
48107,-1,6059,TX,Crosby,2010
48109,-1,2398,TX,Culberson,2010
48111,-1,6703,TX,Dallam,2010
48113,213,2368139,TX,Dallas,2010
48115,-1,13833,TX,Dawson,2010
48117,-1,19372,TX,Deaf Smith,2010
48119,-1,5231,TX,Delta,2010
48121,53,662614,TX,Denton,2010
48123,-1,20097,TX,DeWitt,2010
48125,-1,2444,TX,Dickens,2010
48127,-1,9996,TX,Dimmit,2010
48129,-1,3677,TX,Donley,2010
48131,-1,11782,TX,Duval,2010
48133,-1,18583,TX,Eastland,2010
48135,15,137130,TX,Ector,2010
48137,-1,2002,TX,Edwards,2010
48139,12,149610,TX,Ellis,2010
48141,55,800647,TX,El Paso,2010
48143,-1,37890,TX,Erath,2010
48145,-1,17866,TX,Falls,2010
48147,-1,33915,TX,Fannin,2010
48149,-1,24554,TX,Fayette,2010
48151,-1,3974,TX,Fisher,2010
48153,-1,6446,TX,Floyd,2010
48155,-1,1336,TX,Foard,2010
48157,34,585375,TX,Fort Bend,2010
48159,-1,10605,TX,Franklin,2010
48161,-1,19816,TX,Freestone,2010
48163,-1,17217,TX,Frio,2010
48165,-1,17526,TX,Gaines,2010
48167,55,291309,TX,Galveston,2010
48169,-1,6461,TX,Garza,2010
48171,-1,24837,TX,Gillespie,2010
48173,-1,1226,TX,Glasscock,2010
48175,-1,7210,TX,Goliad,2010
48177,-1,19807,TX,Gonzales,2010
48179,-1,22535,TX,Gray,2010
48181,18,120877,TX,Grayson,2010
48183,-1,121730,TX,Gregg,2010
48185,-1,26604,TX,Grimes,2010
48187,12,131533,TX,Guadalupe,2010
48189,-1,36273,TX,Hale,2010
48191,-1,3353,TX,Hall,2010
48193,-1,8517,TX,Hamilton,2010
48195,-1,5613,TX,Hansford,2010
48197,-1,4139,TX,Hardeman,2010
48199,12,54635,TX,Hardin,2010
48201,446,4092459,TX,Harris,2010
48203,-1,65631,TX,Harrison,2010
48205,-1,6062,TX,Hartley,2010
48207,-1,5899,TX,Haskell,2010
48209,16,157107,TX,Hays,2010
48211,-1,3807,TX,Hemphill,2010
48213,12,78532,TX,Henderson,2010
48215,17,774769,TX,Hidalgo,2010
48217,-1,35089,TX,Hill,2010
48219,-1,22935,TX,Hockley,2010
48221,-1,51182,TX,Hood,2010
48223,10,35161,TX,Hopkins,2010
48225,-1,23732,TX,Houston,2010
48227,-1,35012,TX,Howard,2010
48229,-1,3476,TX,Hudspeth,2010
48231,11,86129,TX,Hunt,2010
48233,-1,22150,TX,Hutchinson,2010
48235,-1,1599,TX,Irion,2010
48237,-1,9044,TX,Jack,2010
48239,-1,14075,TX,Jackson,2010
48241,-1,35710,TX,Jasper,2010
48243,-1,2342,TX,Jeff Davis,2010
48245,38,252273,TX,Jefferson,2010
48247,-1,5300,TX,Jim Hogg,2010
48249,-1,40838,TX,Jim Wells,2010
48251,13,150934,TX,Johnson,2010
48253,-1,20202,TX,Jones,2010
48255,-1,14824,TX,Karnes,2010
48257,-1,103350,TX,Kaufman,2010
48259,-1,33410,TX,Kendall,2010
48261,-1,416,TX,Kenedy,2010
48263,-1,808,TX,Kent,2010
48265,-1,49625,TX,Kerr,2010
48267,-1,4607,TX,Kimble,2010
48269,-1,286,TX,King,2010
48271,-1,3598,TX,Kinney,2010
48273,-1,32061,TX,Kleberg,2010
48275,-1,3719,TX,Knox,2010
48277,-1,49793,TX,Lamar,2010
48279,-1,13977,TX,Lamb,2010
48281,-1,19677,TX,Lampasas,2010
48283,-1,6886,TX,La Salle,2010
48285,-1,19263,TX,Lavaca,2010
48287,-1,16612,TX,Lee,2010
48289,-1,16801,TX,Leon,2010
48291,15,75643,TX,Liberty,2010
48293,-1,23384,TX,Limestone,2010
48295,-1,3302,TX,Lipscomb,2010
48297,-1,11531,TX,Live Oak,2010
48299,-1,19301,TX,Llano,2010
48301,-1,82,TX,Loving,2010
48303,24,278831,TX,Lubbock,2010
48305,-1,5915,TX,Lynn,2010
48307,-1,8283,TX,McCulloch,2010
48309,21,234906,TX,McLennan,2010
48311,-1,707,TX,McMullen,2010
48313,-1,13664,TX,Madison,2010
48315,-1,10546,TX,Marion,2010
48317,-1,4799,TX,Martin,2010
48319,-1,4012,TX,Mason,2010
48321,-1,36702,TX,Matagorda,2010
48323,-1,54258,TX,Maverick,2010
48325,-1,46006,TX,Medina,2010
48327,-1,2242,TX,Menard,2010
48329,13,136872,TX,Midland,2010
48331,-1,24757,TX,Milam,2010
48333,-1,4936,TX,Mills,2010
48335,-1,9403,TX,Mitchell,2010
48337,-1,19719,TX,Montague,2010
48339,39,455746,TX,Montgomery,2010
48341,-1,21904,TX,Moore,2010
48343,-1,12934,TX,Morris,2010
48345,-1,1210,TX,Motley,2010
48347,-1,64524,TX,Nacogdoches,2010
48349,-1,47735,TX,Navarro,2010
48351,-1,14445,TX,Newton,2010
48353,-1,15216,TX,Nolan,2010
48355,51,340223,TX,Nueces,2010
48357,-1,10223,TX,Ochiltree,2010
48359,-1,2052,TX,Oldham,2010
48361,26,81837,TX,Orange,2010
48363,-1,28111,TX,Palo Pinto,2010
48365,-1,23796,TX,Panola,2010
48367,19,116927,TX,Parker,2010
48369,-1,10269,TX,Parmer,2010
48371,-1,15507,TX,Pecos,2010
48373,11,45413,TX,Polk,2010
48375,10,121073,TX,Potter,2010
48377,-1,7818,TX,Presidio,2010
48379,-1,10914,TX,Rains,2010
48381,-1,120725,TX,Randall,2010
48383,-1,3367,TX,Reagan,2010
48385,-1,3309,TX,Real,2010
48387,-1,12860,TX,Red River,2010
48389,-1,13783,TX,Reeves,2010
48391,-1,7383,TX,Refugio,2010
48393,-1,929,TX,Roberts,2010
48395,-1,16622,TX,Robertson,2010
48397,-1,78337,TX,Rockwall,2010
48399,-1,10501,TX,Runnels,2010
48401,-1,53330,TX,Rusk,2010
48403,-1,10834,TX,Sabine,2010
48405,-1,8865,TX,San Augustine,2010
48407,-1,26384,TX,San Jacinto,2010
48409,13,64804,TX,San Patricio,2010
48411,-1,6131,TX,San Saba,2010
48413,-1,3461,TX,Schleicher,2010
48415,-1,16921,TX,Scurry,2010
48417,-1,3378,TX,Shackelford,2010
48419,-1,25448,TX,Shelby,2010
48421,-1,3034,TX,Sherman,2010
48423,21,209714,TX,Smith,2010
48425,-1,8490,TX,Somervell,2010
48427,-1,60968,TX,Starr,2010
48429,-1,9630,TX,Stephens,2010
48431,-1,1143,TX,Sterling,2010
48433,-1,1490,TX,Stonewall,2010
48435,-1,4128,TX,Sutton,2010
48437,-1,7854,TX,Swisher,2010
48439,140,1809034,TX,Tarrant,2010
48441,14,131506,TX,Taylor,2010
48443,-1,984,TX,Terrell,2010
48445,-1,12651,TX,Terry,2010
48447,-1,1641,TX,Throckmorton,2010
48449,-1,32334,TX,Titus,2010
48451,21,110224,TX,Tom Green,2010
48453,120,1024266,TX,Travis,2010
48455,-1,14585,TX,Trinity,2010
48457,-1,21766,TX,Tyler,2010
48459,-1,39309,TX,Upshur,2010
48461,-1,3355,TX,Upton,2010
48463,-1,26405,TX,Uvalde,2010
48465,-1,48879,TX,Val Verde,2010
48467,-1,52579,TX,Van Zandt,2010
48469,-1,86793,TX,Victoria,2010
48471,-1,67861,TX,Walker,2010
48473,-1,43205,TX,Waller,2010
48475,-1,10658,TX,Ward,2010
48477,-1,33718,TX,Washington,2010
48479,28,250304,TX,Webb,2010
48481,-1,41280,TX,Wharton,2010
48483,-1,5410,TX,Wheeler,2010
48485,21,131500,TX,Wichita,2010
48487,-1,13535,TX,Wilbarger,2010
48489,-1,22134,TX,Willacy,2010
48491,32,422679,TX,Williamson,2010
48493,-1,42918,TX,Wilson,2010
48495,-1,7110,TX,Winkler,2010
48497,10,59127,TX,Wise,2010
48499,-1,41964,TX,Wood,2010
48501,-1,7879,TX,Yoakum,2010
48503,-1,18550,TX,Young,2010
48505,-1,14018,TX,Zapata,2010
48507,-1,11677,TX,Zavala,2010
49001,-1,6629,UT,Beaver,2010
49003,-1,49975,UT,Box Elder,2010
49005,-1,112656,UT,Cache,2010
49007,-1,21403,UT,Carbon,2010
49009,-1,1059,UT,Daggett,2010
49011,42,306479,UT,Davis,2010
49013,-1,18607,UT,Duchesne,2010
49015,-1,10976,UT,Emery,2010
49017,-1,5172,UT,Garfield,2010
49019,-1,9225,UT,Grand,2010
49021,-1,46163,UT,Iron,2010
49023,-1,10246,UT,Juab,2010
49025,-1,7125,UT,Kane,2010
49027,-1,12503,UT,Millard,2010
49029,-1,9469,UT,Morgan,2010
49031,-1,1556,UT,Piute,2010
49033,-1,2264,UT,Rich,2010
49035,168,1029655,UT,Salt Lake,2010
49037,-1,14746,UT,San Juan,2010
49039,-1,27822,UT,Sanpete,2010
49041,-1,20802,UT,Sevier,2010
49043,-1,36324,UT,Summit,2010
49045,10,58218,UT,Tooele,2010
49047,-1,32588,UT,Uintah,2010
49049,75,516564,UT,Utah,2010
49051,-1,23530,UT,Wasatch,2010
49053,23,138115,UT,Washington,2010
49055,-1,2778,UT,Wayne,2010
49057,45,231236,UT,Weber,2010
50001,-1,36821,VT,Addison,2010
50003,-1,37125,VT,Bennington,2010
50005,-1,31227,VT,Caledonia,2010
50007,14,156545,VT,Chittenden,2010
50009,-1,6306,VT,Essex,2010
50011,-1,47746,VT,Franklin,2010
50013,-1,6970,VT,Grand Isle,2010
50015,-1,24475,VT,Lamoille,2010
50017,-1,28936,VT,Orange,2010
50019,-1,27231,VT,Orleans,2010
50021,-1,61642,VT,Rutland,2010
50023,-1,59534,VT,Washington,2010
50025,-1,44513,VT,Windham,2010
50027,-1,56670,VT,Windsor,2010
51001,-1,33164,VA,Accomack,2010
51003,-1,98970,VA,Albemarle,2010
51005,-1,16250,VA,Alleghany,2010
51007,-1,12690,VA,Amelia,2010
51009,-1,32353,VA,Amherst,2010
51011,-1,14973,VA,Appomattox,2010
51013,-1,207627,VA,Arlington,2010
51015,-1,73750,VA,Augusta,2010
51017,-1,4731,VA,Bath,2010
51019,11,68676,VA,Bedford,2010
51021,-1,6824,VA,Bland,2010
51023,-1,33148,VA,Botetourt,2010
51025,-1,17434,VA,Brunswick,2010
51027,-1,24098,VA,Buchanan,2010
51029,-1,17146,VA,Buckingham,2010
51031,-1,54842,VA,Campbell,2010
51033,-1,28545,VA,Caroline,2010
51035,-1,30042,VA,Carroll,2010
51036,-1,7256,VA,Charles City,2010
51037,-1,12586,VA,Charlotte,2010
51041,23,316236,VA,Chesterfield,2010
51043,-1,14034,VA,Clarke,2010
51045,-1,5190,VA,Craig,2010
51047,-1,46689,VA,Culpeper,2010
51049,-1,10052,VA,Cumberland,2010
51051,-1,15903,VA,Dickenson,2010
51053,-1,28001,VA,Dinwiddie,2010
51057,-1,11151,VA,Essex,2010
51059,38,1081726,VA,Fairfax,2010
51061,-1,65203,VA,Fauquier,2010
51063,-1,15279,VA,Floyd,2010
51065,-1,25691,VA,Fluvanna,2010
51067,-1,56159,VA,Franklin,2010
51069,-1,78305,VA,Frederick,2010
51071,-1,17286,VA,Giles,2010
51073,-1,36858,VA,Gloucester,2010
51075,-1,21717,VA,Goochland,2010
51077,-1,15533,VA,Grayson,2010
51079,-1,18403,VA,Greene,2010
51081,-1,12243,VA,Greensville,2010
51083,-1,36241,VA,Halifax,2010
51085,-1,99863,VA,Hanover,2010
51087,24,306935,VA,Henrico,2010
51089,-1,54151,VA,Henry,2010
51091,-1,2321,VA,Highland,2010
51093,-1,35270,VA,Isle of Wight,2010
51095,-1,67009,VA,James City,2010
51097,-1,6945,VA,King and Queen,2010
51099,-1,23584,VA,King George,2010
51101,-1,15935,VA,King William,2010
51103,-1,11391,VA,Lancaster,2010
51105,-1,25587,VA,Lee,2010
51107,11,312311,VA,Loudoun,2010
51109,-1,33153,VA,Louisa,2010
51111,-1,12914,VA,Lunenburg,2010
51113,-1,13308,VA,Madison,2010
51115,-1,8978,VA,Mathews,2010
51117,-1,32727,VA,Mecklenburg,2010
51119,-1,10959,VA,Middlesex,2010
51121,-1,94392,VA,Montgomery,2010
51125,-1,15020,VA,Nelson,2010
51127,-1,18429,VA,New Kent,2010
51131,-1,12389,VA,Northampton,2010
51133,-1,12330,VA,Northumberland,2010
51135,-1,15853,VA,Nottoway,2010
51137,-1,33481,VA,Orange,2010
51139,-1,24042,VA,Page,2010
51141,-1,18490,VA,Patrick,2010
51143,-1,63506,VA,Pittsylvania,2010
51145,-1,28046,VA,Powhatan,2010
51147,-1,23368,VA,Prince Edward,2010
51149,-1,35725,VA,Prince George,2010
51153,19,402002,VA,Prince William,2010
51155,-1,34872,VA,Pulaski,2010
51157,-1,7373,VA,Rappahannock,2010
51159,-1,9254,VA,Richmond,2010
51161,11,92376,VA,Roanoke,2010
51163,-1,22307,VA,Rockbridge,2010
51165,-1,76314,VA,Rockingham,2010
51167,14,28897,VA,Russell,2010
51169,-1,23177,VA,Scott,2010
51171,-1,41993,VA,Shenandoah,2010
51173,-1,32208,VA,Smyth,2010
51175,-1,18570,VA,Southampton,2010
51177,-1,122397,VA,Spotsylvania,2010
51179,-1,128961,VA,Stafford,2010
51181,-1,7058,VA,Surry,2010
51183,-1,12087,VA,Sussex,2010
51185,13,45078,VA,Tazewell,2010
51187,-1,37575,VA,Warren,2010
51191,-1,54876,VA,Washington,2010
51193,-1,17454,VA,Westmoreland,2010
51195,13,41452,VA,Wise,2010
51197,-1,29235,VA,Wythe,2010
51199,-1,65464,VA,York,2010
51510,-1,139966,VA,Alexandr,2010
51515,-1,6222,VA,Bedfo,2010
51520,-1,17835,VA,Brist,2010
51530,-1,6650,VA,Buena Vis,2010
51540,-1,43475,VA,Charlottesvil,2010
51550,17,222209,VA,Chesapea,2010
51560,Missing,Missing,VA,Clifton For,2010
51570,-1,17411,VA,Colonial Heigh,2010
51580,-1,5961,VA,Covingt,2010
51590,-1,43055,VA,Danvil,2010
51595,-1,5927,VA,Empor,2010
51600,-1,22565,VA,Fairf,2010
51610,-1,12332,VA,Falls Chur,2010
51620,-1,8582,VA,Frankl,2010
51630,-1,24286,VA,Fredericksbu,2010
51640,-1,7042,VA,Gal,2010
51650,14,137436,VA,Hampt,2010
51660,-1,48914,VA,Harrisonbu,2010
51670,-1,22591,VA,Hopewe,2010
51678,-1,7042,VA,Lexingt,2010
51680,-1,75568,VA,Lynchbu,2010
51683,-1,37821,VA,Manass,2010
51685,-1,14273,VA,Manassas Pa,2010
51690,-1,13821,VA,Martinsvil,2010
51700,13,180719,VA,Newport Ne,2010
51710,16,242803,VA,Norfo,2010
51720,-1,3958,VA,Nort,2010
51730,-1,32420,VA,Petersbu,2010
51735,-1,12150,VA,Poquos,2010
51740,-1,95535,VA,Portsmou,2010
51750,-1,16408,VA,Radfo,2010
51760,18,204214,VA,Richmo,2010
51770,13,97032,VA,Roano,2010
51775,-1,24802,VA,Sal,2010
51790,-1,23746,VA,Staunt,2010
51800,-1,84585,VA,Suffo,2010
51810,24,437994,VA,Virginia Bea,2010
51820,-1,21006,VA,Waynesbo,2010
51830,-1,14068,VA,Williamsbu,2010
51840,-1,26203,VA,Winchest,2010
53001,-1,18728,WA,Adams,2010
53003,-1,21623,WA,Asotin,2010
53005,13,175177,WA,Benton,2010
53007,12,72453,WA,Chelan,2010
53009,13,71404,WA,Clallam,2010
53011,53,425363,WA,Clark,2010
53013,-1,4078,WA,Columbia,2010
53015,18,102410,WA,Cowlitz,2010
53017,-1,38431,WA,Douglas,2010
53019,-1,7551,WA,Ferry,2010
53021,-1,78163,WA,Franklin,2010
53023,-1,2266,WA,Garfield,2010
53025,12,89120,WA,Grant,2010
53027,14,72797,WA,Grays Harbor,2010
53029,-1,78506,WA,Island,2010
53031,-1,29872,WA,Jefferson,2010
53033,247,1931249,WA,King,2010
53035,32,251133,WA,Kitsap,2010
53037,-1,40915,WA,Kittitas,2010
53039,-1,20318,WA,Klickitat,2010
53041,13,75455,WA,Lewis,2010
53043,-1,10570,WA,Lincoln,2010
53045,-1,60699,WA,Mason,2010
53047,-1,41120,WA,Okanogan,2010
53049,-1,20920,WA,Pacific,2010
53051,-1,13001,WA,Pend Oreille,2010
53053,121,795225,WA,Pierce,2010
53055,-1,15769,WA,San Juan,2010
53057,18,116901,WA,Skagit,2010
53059,-1,11066,WA,Skamania,2010
53061,113,713335,WA,Snohomish,2010
53063,79,471221,WA,Spokane,2010
53065,-1,43531,WA,Stevens,2010
53067,27,252264,WA,Thurston,2010
53069,-1,3978,WA,Wahkiakum,2010
53071,-1,58781,WA,Walla Walla,2010
53073,22,201140,WA,Whatcom,2010
53075,-1,44776,WA,Whitman,2010
53077,26,243231,WA,Yakima,2010
54001,-1,16589,WV,Barbour,2010
54003,20,104169,WV,Berkeley,2010
54005,17,24629,WV,Boone,2010
54007,-1,14523,WV,Braxton,2010
54009,-1,24069,WV,Brooke,2010
54011,29,96319,WV,Cabell,2010
54013,-1,7627,WV,Calhoun,2010
54015,-1,9386,WV,Clay,2010
54017,-1,8202,WV,Doddridge,2010
54019,15,46039,WV,Fayette,2010
54021,-1,8693,WV,Gilmer,2010
54023,-1,11937,WV,Grant,2010
54025,11,35480,WV,Greenbrier,2010
54027,-1,23964,WV,Hampshire,2010
54029,11,30676,WV,Hancock,2010
54031,-1,14025,WV,Hardy,2010
54033,19,69099,WV,Harrison,2010
54035,-1,29211,WV,Jackson,2010
54037,-1,53498,WV,Jefferson,2010
54039,49,193063,WV,Kanawha,2010
54041,-1,16372,WV,Lewis,2010
54043,13,21720,WV,Lincoln,2010
54045,21,36743,WV,Logan,2010
54047,24,22113,WV,McDowell,2010
54049,-1,56418,WV,Marion,2010
54051,10,33107,WV,Marshall,2010
54053,-1,27324,WV,Mason,2010
54055,32,62264,WV,Mercer,2010
54057,-1,28212,WV,Mineral,2010
54059,14,26839,WV,Mingo,2010
54061,-1,96189,WV,Monongalia,2010
54063,-1,13502,WV,Monroe,2010
54065,-1,17541,WV,Morgan,2010
54067,-1,26233,WV,Nicholas,2010
54069,-1,44443,WV,Ohio,2010
54071,-1,7695,WV,Pendleton,2010
54073,-1,7605,WV,Pleasants,2010
54075,-1,8719,WV,Pocahontas,2010
54077,-1,33520,WV,Preston,2010
54079,10,55486,WV,Putnam,2010
54081,45,78859,WV,Raleigh,2010
54083,-1,29405,WV,Randolph,2010
54085,-1,10449,WV,Ritchie,2010
54087,-1,14926,WV,Roane,2010
54089,10,13927,WV,Summers,2010
54091,-1,16895,WV,Taylor,2010
54093,-1,7141,WV,Tucker,2010
54095,-1,9208,WV,Tyler,2010
54097,-1,24254,WV,Upshur,2010
54099,17,42481,WV,Wayne,2010
54101,-1,9154,WV,Webster,2010
54103,-1,16583,WV,Wetzel,2010
54105,-1,5717,WV,Wirt,2010
54107,-1,86956,WV,Wood,2010
54109,26,23796,WV,Wyoming,2010
55001,-1,20875,WI,Adams,2010
55003,-1,16157,WI,Ashland,2010
55005,-1,45870,WI,Barron,2010
55007,-1,15014,WI,Bayfield,2010
55009,16,248007,WI,Brown,2010
55011,-1,13587,WI,Buffalo,2010
55013,-1,15457,WI,Burnett,2010
55015,-1,48971,WI,Calumet,2010
55017,-1,62415,WI,Chippewa,2010
55019,-1,34690,WI,Clark,2010
55021,-1,56833,WI,Columbia,2010
55023,-1,16644,WI,Crawford,2010
55025,58,488073,WI,Dane,2010
55027,12,88759,WI,Dodge,2010
55029,-1,27785,WI,Door,2010
55031,-1,44159,WI,Douglas,2010
55033,-1,43857,WI,Dunn,2010
55035,-1,98736,WI,Eau Claire,2010
55037,-1,4423,WI,Florence,2010
55039,15,101633,WI,Fond du Lac,2010
55041,-1,9304,WI,Forest,2010
55043,-1,51208,WI,Grant,2010
55045,-1,36842,WI,Green,2010
55047,-1,19051,WI,Green Lake,2010
55049,-1,23687,WI,Iowa,2010
55051,-1,5916,WI,Iron,2010
55053,-1,20449,WI,Jackson,2010
55055,-1,83686,WI,Jefferson,2010
55057,-1,26664,WI,Juneau,2010
55059,38,166426,WI,Kenosha,2010
55061,-1,20574,WI,Kewaunee,2010
55063,14,114638,WI,La Crosse,2010
55065,-1,16836,WI,Lafayette,2010
55067,-1,19977,WI,Langlade,2010
55069,-1,28743,WI,Lincoln,2010
55071,14,81442,WI,Manitowoc,2010
55073,-1,134063,WI,Marathon,2010
55075,-1,41749,WI,Marinette,2010
55077,-1,15404,WI,Marquette,2010
55078,-1,4232,WI,Menominee,2010
55079,164,947735,WI,Milwaukee,2010
55081,-1,44673,WI,Monroe,2010
55083,-1,37660,WI,Oconto,2010
55085,-1,35998,WI,Oneida,2010
55087,13,176695,WI,Outagamie,2010
55089,-1,86395,WI,Ozaukee,2010
55091,-1,7469,WI,Pepin,2010
55093,-1,41019,WI,Pierce,2010
55095,-1,44205,WI,Polk,2010
55097,-1,70019,WI,Portage,2010
55099,-1,14159,WI,Price,2010
55101,18,195408,WI,Racine,2010
55103,-1,18021,WI,Richland,2010
55105,24,160331,WI,Rock,2010
55107,-1,14755,WI,Rusk,2010
55109,-1,84345,WI,St. Croix,2010
55111,-1,61976,WI,Sauk,2010
55113,-1,16557,WI,Sawyer,2010
55115,-1,41949,WI,Shawano,2010
55117,-1,115507,WI,Sheboygan,2010
55119,-1,20689,WI,Taylor,2010
55121,-1,28816,WI,Trempealeau,2010
55123,-1,29773,WI,Vernon,2010
55125,-1,21430,WI,Vilas,2010
55127,16,102228,WI,Walworth,2010
55129,-1,15911,WI,Washburn,2010
55131,13,131887,WI,Washington,2010
55133,49,389891,WI,Waukesha,2010
55135,-1,52410,WI,Waupaca,2010
55137,-1,24496,WI,Waushara,2010
55139,16,166994,WI,Winnebago,2010
55141,10,74749,WI,Wood,2010
56001,-1,36299,WY,Albany,2010
56003,-1,11668,WY,Big Horn,2010
56005,-1,46133,WY,Campbell,2010
56007,-1,15885,WY,Carbon,2010
56009,-1,13833,WY,Converse,2010
56011,-1,7083,WY,Crook,2010
56013,-1,40123,WY,Fremont,2010
56015,-1,13249,WY,Goshen,2010
56017,-1,4812,WY,Hot Springs,2010
56019,-1,8569,WY,Johnson,2010
56021,14,91738,WY,Laramie,2010
56023,-1,18106,WY,Lincoln,2010
56025,14,75450,WY,Natrona,2010
56027,-1,2484,WY,Niobrara,2010
56029,-1,28205,WY,Park,2010
56031,-1,8667,WY,Platte,2010
56033,-1,29116,WY,Sheridan,2010
56035,-1,10247,WY,Sublette,2010
56037,-1,43806,WY,Sweetwater,2010
56039,-1,21294,WY,Teton,2010
56041,-1,21118,WY,Uinta,2010
56043,-1,8533,WY,Washakie,2010
56045,-1,7208,WY,Weston,2010
